Orthogroup	Cyanobacterium_aponinum_pcc_10605.ASM31767v1	Nostoc_punctiforme_pcc_73102.ASM2002v1	Oscillatoriales_cyanobacterium_jsc_12.ASM30994v1
OG0003716	AFZ52167		
OG0003717	AFZ52168		
OG0003718	AFZ52169		
OG0003719	AFZ52171		
OG0003720	AFZ52177		
OG0003721	AFZ52195		
OG0003722	AFZ52217		
OG0003723	AFZ52219		
OG0003724	AFZ52221		
OG0003725	AFZ52236		
OG0003726	AFZ52237		
OG0003727	AFZ52240		
OG0003728	AFZ52241		
OG0003729	AFZ52242		
OG0003730	AFZ52244		
OG0003731	AFZ52268		
OG0003732	AFZ52275		
OG0003733	AFZ52277		
OG0003734	AFZ52280		
OG0003735	AFZ52299		
OG0003736	AFZ52301		
OG0003737	AFZ52322		
OG0003738	AFZ52323		
OG0003739	AFZ52329		
OG0003740	AFZ52336		
OG0003741	AFZ52337		
OG0003742	AFZ52344		
OG0003743	AFZ52345		
OG0003744	AFZ52355		
OG0003745	AFZ52358		
OG0003746	AFZ52362		
OG0003747	AFZ52364		
OG0003748	AFZ52375		
OG0003749	AFZ52384		
OG0003750	AFZ52396		
OG0003751	AFZ52397		
OG0003752	AFZ52398		
OG0003753	AFZ52399		
OG0003754	AFZ52400		
OG0003755	AFZ52430		
OG0003756	AFZ52434		
OG0003757	AFZ52435		
OG0003758	AFZ52438		
OG0003759	AFZ52441		
OG0003760	AFZ52453		
OG0003761	AFZ52454		
OG0003762	AFZ52459		
OG0003763	AFZ52465		
OG0003764	AFZ52471		
OG0003765	AFZ52475		
OG0003766	AFZ52476		
OG0003767	AFZ52482		
OG0003768	AFZ52483		
OG0003769	AFZ52484		
OG0003770	AFZ52487		
OG0003771	AFZ52492		
OG0003772	AFZ52500		
OG0003773	AFZ52503		
OG0003774	AFZ52506		
OG0003775	AFZ52511		
OG0003776	AFZ52513		
OG0003777	AFZ52517		
OG0003778	AFZ52524		
OG0003779	AFZ52527		
OG0003780	AFZ52540		
OG0003781	AFZ52541		
OG0003782	AFZ52545		
OG0003783	AFZ52557		
OG0003784	AFZ52560		
OG0003785	AFZ52561		
OG0003786	AFZ52566		
OG0003787	AFZ52567		
OG0003788	AFZ52571		
OG0003789	AFZ52587		
OG0003790	AFZ52593		
OG0003791	AFZ52594		
OG0003792	AFZ52608		
OG0003793	AFZ52610		
OG0003794	AFZ52630		
OG0003795	AFZ52632		
OG0003796	AFZ52633		
OG0003797	AFZ52634		
OG0003798	AFZ52668		
OG0003799	AFZ52677		
OG0003800	AFZ52686		
OG0003801	AFZ52689		
OG0003802	AFZ52691		
OG0003803	AFZ52707		
OG0003804	AFZ52713		
OG0003805	AFZ52718		
OG0003806	AFZ52720		
OG0003807	AFZ52722		
OG0003808	AFZ52723		
OG0003809	AFZ52738		
OG0003810	AFZ52741		
OG0003811	AFZ52742		
OG0003812	AFZ52746		
OG0003813	AFZ52748		
OG0003814	AFZ52755		
OG0003815	AFZ52758		
OG0003816	AFZ52759		
OG0003817	AFZ52766		
OG0003818	AFZ52774		
OG0003819	AFZ52793		
OG0003820	AFZ52796		
OG0003821	AFZ52797		
OG0003822	AFZ52801		
OG0003823	AFZ52809		
OG0003824	AFZ52816		
OG0003825	AFZ52832		
OG0003826	AFZ52837		
OG0003827	AFZ52848		
OG0003828	AFZ52852		
OG0003829	AFZ52853		
OG0003830	AFZ52862		
OG0003831	AFZ52866		
OG0003832	AFZ52879		
OG0003833	AFZ52893		
OG0003834	AFZ52906		
OG0003835	AFZ52911		
OG0003836	AFZ52915		
OG0003837	AFZ52916		
OG0003838	AFZ52920		
OG0003839	AFZ52927		
OG0003840	AFZ52932		
OG0003841	AFZ52934		
OG0003842	AFZ52943		
OG0003843	AFZ52948		
OG0003844	AFZ52950		
OG0003845	AFZ52951		
OG0003846	AFZ52999		
OG0003847	AFZ53006		
OG0003848	AFZ53014		
OG0003849	AFZ53018		
OG0003850	AFZ53032		
OG0003851	AFZ53034		
OG0003852	AFZ53036		
OG0003853	AFZ53040		
OG0003854	AFZ53056		
OG0003855	AFZ53059		
OG0003856	AFZ53062		
OG0003857	AFZ53073		
OG0003858	AFZ53076		
OG0003859	AFZ53086		
OG0003860	AFZ53087		
OG0003861	AFZ53104		
OG0003862	AFZ53114		
OG0003863	AFZ53115		
OG0003864	AFZ53116		
OG0003865	AFZ53120		
OG0003866	AFZ53128		
OG0003867	AFZ53132		
OG0003868	AFZ53155		
OG0003869	AFZ53162		
OG0003870	AFZ53163		
OG0003871	AFZ53173		
OG0003872	AFZ53174		
OG0003873	AFZ53176		
OG0003874	AFZ53179		
OG0003875	AFZ53180		
OG0003876	AFZ53181		
OG0003877	AFZ53182		
OG0003878	AFZ53194		
OG0003879	AFZ53195		
OG0003880	AFZ53201		
OG0003881	AFZ53202		
OG0003882	AFZ53205		
OG0003883	AFZ53206		
OG0003884	AFZ53222		
OG0003885	AFZ53225		
OG0003886	AFZ53230		
OG0003887	AFZ53258		
OG0003888	AFZ53272		
OG0003889	AFZ53284		
OG0003890	AFZ53286		
OG0003891	AFZ53287		
OG0003892	AFZ53291		
OG0003893	AFZ53292		
OG0003894	AFZ53293		
OG0003895	AFZ53294		
OG0003896	AFZ53306		
OG0003897	AFZ53310		
OG0003898	AFZ53311		
OG0003899	AFZ53312		
OG0003900	AFZ53318		
OG0003901	AFZ53320		
OG0003902	AFZ53323		
OG0003903	AFZ53324		
OG0003904	AFZ53345		
OG0003905	AFZ53346		
OG0003906	AFZ53347		
OG0003907	AFZ53348		
OG0003908	AFZ53349		
OG0003909	AFZ53357		
OG0003910	AFZ53358		
OG0003911	AFZ53359		
OG0003912	AFZ53360		
OG0003913	AFZ53377		
OG0003914	AFZ53381		
OG0003915	AFZ53386		
OG0003916	AFZ53396		
OG0003917	AFZ53401		
OG0003918	AFZ53403		
OG0003919	AFZ53408		
OG0003920	AFZ53409		
OG0003921	AFZ53410		
OG0003922	AFZ53414		
OG0003923	AFZ53416		
OG0003924	AFZ53418		
OG0003925	AFZ53428		
OG0003926	AFZ53431		
OG0003927	AFZ53435		
OG0003928	AFZ53443		
OG0003929	AFZ53448		
OG0003930	AFZ53452		
OG0003931	AFZ53454		
OG0003932	AFZ53458		
OG0003933	AFZ53482		
OG0003934	AFZ53490		
OG0003935	AFZ53492		
OG0003936	AFZ53496		
OG0003937	AFZ53497		
OG0003938	AFZ53498		
OG0003939	AFZ53499		
OG0003940	AFZ53500		
OG0003941	AFZ53501		
OG0003942	AFZ53502		
OG0003943	AFZ53510		
OG0003944	AFZ53535		
OG0003945	AFZ53543		
OG0003946	AFZ53544		
OG0003947	AFZ53545		
OG0003948	AFZ53554		
OG0003949	AFZ53568		
OG0003950	AFZ53577		
OG0003951	AFZ53584		
OG0003952	AFZ53587		
OG0003953	AFZ53596		
OG0003954	AFZ53601		
OG0003955	AFZ53605		
OG0003956	AFZ53607		
OG0003957	AFZ53613		
OG0003958	AFZ53632		
OG0003959	AFZ53636		
OG0003960	AFZ53644		
OG0003961	AFZ53659		
OG0003962	AFZ53668		
OG0003963	AFZ53680		
OG0003964	AFZ53688		
OG0003965	AFZ53706		
OG0003966	AFZ53707		
OG0003967	AFZ53708		
OG0003968	AFZ53718		
OG0003969	AFZ53719		
OG0003970	AFZ53720		
OG0003971	AFZ53721		
OG0003972	AFZ53740		
OG0003973	AFZ53743		
OG0003974	AFZ53744		
OG0003975	AFZ53747		
OG0003976	AFZ53749		
OG0003977	AFZ53756		
OG0003978	AFZ53757		
OG0003979	AFZ53793		
OG0003980	AFZ53810		
OG0003981	AFZ53816		
OG0003982	AFZ53845		
OG0003983	AFZ53859		
OG0003984	AFZ53860		
OG0003985	AFZ53861		
OG0003986	AFZ53863		
OG0003987	AFZ53870		
OG0003988	AFZ53871		
OG0003989	AFZ53886		
OG0003990	AFZ53896		
OG0003991	AFZ53902		
OG0003992	AFZ53903		
OG0003993	AFZ53904		
OG0003994	AFZ53905		
OG0003995	AFZ53917		
OG0003996	AFZ53929		
OG0003997	AFZ53930		
OG0003998	AFZ53941		
OG0003999	AFZ53943		
OG0004000	AFZ53954		
OG0004001	AFZ53960		
OG0004002	AFZ53961		
OG0004003	AFZ53962		
OG0004004	AFZ53963		
OG0004005	AFZ53965		
OG0004006	AFZ53983		
OG0004007	AFZ53997		
OG0004008	AFZ54006		
OG0004009	AFZ54007		
OG0004010	AFZ54009		
OG0004011	AFZ54017		
OG0004012	AFZ54021		
OG0004013	AFZ54023		
OG0004014	AFZ54024		
OG0004015	AFZ54032		
OG0004016	AFZ54055		
OG0004017	AFZ54057		
OG0004018	AFZ54058		
OG0004019	AFZ54059		
OG0004020	AFZ54064		
OG0004021	AFZ54076		
OG0004022	AFZ54077		
OG0004023	AFZ54080		
OG0004024	AFZ54081		
OG0004025	AFZ54086		
OG0004026	AFZ54091		
OG0004027	AFZ54113		
OG0004028	AFZ54114		
OG0004029	AFZ54117		
OG0004030	AFZ54129		
OG0004031	AFZ54130		
OG0004032	AFZ54134		
OG0004033	AFZ54135		
OG0004034	AFZ54139		
OG0004035	AFZ54140		
OG0004036	AFZ54142		
OG0004037	AFZ54160		
OG0004038	AFZ54163		
OG0004039	AFZ54164		
OG0004040	AFZ54165		
OG0004041	AFZ54167		
OG0004042	AFZ54168		
OG0004043	AFZ54191		
OG0004044	AFZ54197		
OG0004045	AFZ54201		
OG0004046	AFZ54210		
OG0004047	AFZ54212		
OG0004048	AFZ54213		
OG0004049	AFZ54218		
OG0004050	AFZ54220		
OG0004051	AFZ54229		
OG0004052	AFZ54232		
OG0004053	AFZ54236		
OG0004054	AFZ54247		
OG0004055	AFZ54252		
OG0004056	AFZ54253		
OG0004057	AFZ54254		
OG0004058	AFZ54257		
OG0004059	AFZ54273		
OG0004060	AFZ54285		
OG0004061	AFZ54303		
OG0004062	AFZ54306		
OG0004063	AFZ54310		
OG0004064	AFZ54311		
OG0004065	AFZ54316		
OG0004066	AFZ54318		
OG0004067	AFZ54319		
OG0004068	AFZ54325		
OG0004069	AFZ54326		
OG0004070	AFZ54333		
OG0004071	AFZ54349		
OG0004072	AFZ54356		
OG0004073	AFZ54360		
OG0004074	AFZ54364		
OG0004075	AFZ54371		
OG0004076	AFZ54378		
OG0004077	AFZ54379		
OG0004078	AFZ54381		
OG0004079	AFZ54424		
OG0004080	AFZ54426		
OG0004081	AFZ54435		
OG0004082	AFZ54436		
OG0004083	AFZ54441		
OG0004084	AFZ54442		
OG0004085	AFZ54447		
OG0004086	AFZ54451		
OG0004087	AFZ54456		
OG0004088	AFZ54465		
OG0004089	AFZ54468		
OG0004090	AFZ54469		
OG0004091	AFZ54470		
OG0004092	AFZ54473		
OG0004093	AFZ54485		
OG0004094	AFZ54486		
OG0004095	AFZ54487		
OG0004096	AFZ54488		
OG0004097	AFZ54492		
OG0004098	AFZ54494		
OG0004099	AFZ54502		
OG0004100	AFZ54504		
OG0004101	AFZ54508		
OG0004102	AFZ54509		
OG0004103	AFZ54510		
OG0004104	AFZ54511		
OG0004105	AFZ54527		
OG0004106	AFZ54533		
OG0004107	AFZ54535		
OG0004108	AFZ54538		
OG0004109	AFZ54540		
OG0004110	AFZ54561		
OG0004111	AFZ54565		
OG0004112	AFZ54566		
OG0004113	AFZ54575		
OG0004114	AFZ54576		
OG0004115	AFZ54577		
OG0004116	AFZ54580		
OG0004117	AFZ54581		
OG0004118	AFZ54586		
OG0004119	AFZ54598		
OG0004120	AFZ54602		
OG0004121	AFZ54610		
OG0004122	AFZ54611		
OG0004123	AFZ54617		
OG0004124	AFZ54619		
OG0004125	AFZ54620		
OG0004126	AFZ54623		
OG0004127	AFZ54633		
OG0004128	AFZ54634		
OG0004129	AFZ54636		
OG0004130	AFZ54637		
OG0004131	AFZ54644		
OG0004132	AFZ54653		
OG0004133	AFZ54660		
OG0004134	AFZ54661		
OG0004135	AFZ54677		
OG0004136	AFZ54689		
OG0004137	AFZ54691		
OG0004138	AFZ54694		
OG0004139	AFZ54695		
OG0004140	AFZ54696		
OG0004141	AFZ54697		
OG0004142	AFZ54702		
OG0004143	AFZ54719		
OG0004144	AFZ54722		
OG0004145	AFZ54723		
OG0004146	AFZ54728		
OG0004147	AFZ54734		
OG0004148	AFZ54736		
OG0004149	AFZ54737		
OG0004150	AFZ54738		
OG0004151	AFZ54739		
OG0004152	AFZ54742		
OG0004153	AFZ54747		
OG0004154	AFZ54766		
OG0004155	AFZ54768		
OG0004156	AFZ54775		
OG0004157	AFZ54776		
OG0004158	AFZ54777		
OG0004159	AFZ54784		
OG0004160	AFZ54786		
OG0004161	AFZ54787		
OG0004162	AFZ54793		
OG0004163	AFZ54795		
OG0004164	AFZ54799		
OG0004165	AFZ54802		
OG0004166	AFZ54812		
OG0004167	AFZ54813		
OG0004168	AFZ54814		
OG0004169	AFZ54815		
OG0004170	AFZ54824		
OG0004171	AFZ54825		
OG0004172	AFZ54826		
OG0004173	AFZ54830		
OG0004174	AFZ54837		
OG0004175	AFZ54859		
OG0004176	AFZ54861		
OG0004177	AFZ54868		
OG0004178	AFZ54883		
OG0004179	AFZ54887		
OG0004180	AFZ54889		
OG0004181	AFZ54897		
OG0004182	AFZ54898		
OG0004183	AFZ54899		
OG0004184	AFZ54919		
OG0004185	AFZ54922		
OG0004186	AFZ54925		
OG0004187	AFZ54926		
OG0004188	AFZ54928		
OG0004189	AFZ54929		
OG0004190	AFZ54945		
OG0004191	AFZ54946		
OG0004192	AFZ54952		
OG0004193	AFZ54953		
OG0004194	AFZ54958		
OG0004195	AFZ54964		
OG0004196	AFZ54965		
OG0004197	AFZ54966		
OG0004198	AFZ54967		
OG0004199	AFZ54973		
OG0004200	AFZ54994		
OG0004201	AFZ55002		
OG0004202	AFZ55007		
OG0004203	AFZ55010		
OG0004204	AFZ55022		
OG0004205	AFZ55041		
OG0004206	AFZ55059		
OG0004207	AFZ55062		
OG0004208	AFZ55083		
OG0004209	AFZ55084		
OG0004210	AFZ55085		
OG0004211	AFZ55086		
OG0004212	AFZ55088		
OG0004213	AFZ55090		
OG0004214	AFZ55094		
OG0004215	AFZ55100		
OG0004216	AFZ55104		
OG0004217	AFZ55108		
OG0004218	AFZ55112		
OG0004219	AFZ55116		
OG0004220	AFZ55138		
OG0004221	AFZ55141		
OG0004222	AFZ55143		
OG0004223	AFZ55151		
OG0004224	AFZ55161		
OG0004225	AFZ55166		
OG0004226	AFZ55167		
OG0004227	AFZ55169		
OG0004228	AFZ55170		
OG0004229	AFZ55171		
OG0004230	AFZ55173		
OG0004231	AFZ55180		
OG0004232	AFZ55200		
OG0004233	AFZ55216		
OG0004234	AFZ55226		
OG0004235	AFZ55230		
OG0004236	AFZ55233		
OG0004237	AFZ55247		
OG0004238	AFZ55250		
OG0004239	AFZ55269		
OG0004240	AFZ55274		
OG0004241	AFZ55275		
OG0004242	AFZ55276		
OG0004243	AFZ55277		
OG0004244	AFZ55292		
OG0004245	AFZ55299		
OG0004246	AFZ55304		
OG0004247	AFZ55308		
OG0004248	AFZ55310		
OG0004249	AFZ55313		
OG0004250	AFZ55317		
OG0004251	AFZ55323		
OG0004252	AFZ55341		
OG0004253	AFZ55360		
OG0004254	AFZ55361		
OG0004255	AFZ55380		
OG0004256	AFZ55393		
OG0004257	AFZ55401		
OG0004258	AFZ55405		
OG0004259	AFZ55407		
OG0004260	AFZ55415		
OG0004261	AFZ55416		
OG0004262	AFZ55421		
OG0004263	AFZ55422		
OG0004264	AFZ55423		
OG0004265	AFZ55425		
OG0004266	AFZ55426		
OG0004267	AFZ55430		
OG0004268	AFZ55431		
OG0004269	AFZ55434		
OG0004270	AFZ55440		
OG0004271	AFZ55460		
OG0004272	AFZ55463		
OG0004273	AFZ55484		
OG0004274	AFZ55489		
OG0004275	AFZ55494		
OG0004276	AFZ55500		
OG0004277	AFZ55504		
OG0004278	AFZ55505		
OG0004279	AFZ55506		
OG0004280	AFZ55507		
OG0004281	AFZ55508		
OG0004282	AFZ55515		
OG0004283	AFZ55518		
OG0004284	AFZ55519		
OG0004285	AFZ55520		
OG0004286	AFZ55522		
OG0004287	AFZ55523		
OG0004288	AFZ55524		
OG0004289	AFZ55526		
OG0004290	AFZ55530		
OG0004291	AFZ55531		
OG0004292	AFZ55532		
OG0004293	AFZ55535		
OG0004294	AFZ55536		
OG0004295	AFZ55540		
OG0004296	AFZ55541		
OG0004297	AFZ55544		
OG0004298	AFZ55546		
OG0004299	AFZ55547		
OG0004300	AFZ55548		
OG0004301	AFZ55550		
OG0004302	AFZ55552		
OG0004303	AFZ55553		
OG0004304	AFZ55556		
OG0004305	AFZ55560		
OG0004306	AFZ55561		
OG0004307	AFZ55564		
OG0004308	AFZ55565		
OG0004309	AFZ55566		
OG0004310	AFZ55567		
OG0004311	AFZ55568		
OG0004312	AFZ55569		
OG0004313	AFZ55570		
OG0004314	AFZ55571		
OG0004315	AFZ55572		
OG0004316	AFZ55573		
OG0004317	AFZ55574		
OG0004318	AFZ55575		
OG0004319	AFZ55576		
OG0004320	AFZ55577		
OG0004321	AFZ55578		
OG0004322	AFZ55579		
OG0004323	AFZ55580		
OG0004324	AFZ55581		
OG0004325	AFZ55582		
OG0004326	AFZ55583		
OG0004327	AFZ55584		
OG0004328	AFZ55585		
OG0004329	AFZ55586		
OG0004330	AFZ55587		
OG0004331	AFZ55589		
OG0004332	AFZ55590		
OG0004333	AFZ55591		
OG0004334		ACC85477	
OG0004335		ACC85480	
OG0004336		ACC85481	
OG0004337		ACC85482	
OG0004338		ACC85485	
OG0004339		ACC85486	
OG0004340		ACC85490	
OG0004341		ACC85491	
OG0004342		ACC85492	
OG0004343		ACC85493	
OG0004344		ACC85152	
OG0004345		ACC85154	
OG0004346		ACC85158	
OG0004347		ACC85159	
OG0004348		ACC85164	
OG0004349		ACC85165	
OG0004350		ACC85171	
OG0004351		ACC85186	
OG0004352		ACC85187	
OG0004353		ACC85195	
OG0004354		ACC85198	
OG0004355		ACC85203	
OG0004356		ACC85214	
OG0004357		ACC85231	
OG0004358		ACC85233	
OG0004359		ACC85234	
OG0004360		ACC85236	
OG0004361		ACC85237	
OG0004362		ACC85239	
OG0004363		ACC85240	
OG0004364		ACC85242	
OG0004365		ACC85243	
OG0004366		ACC85244	
OG0004367		ACC85260	
OG0004368		ACC85261	
OG0004369		ACC85262	
OG0004370		ACC85265	
OG0004371		ACC85275	
OG0004372		ACC85277	
OG0004373		ACC85279	
OG0004374		ACC85280	
OG0004375		ACC85281	
OG0004376		ACC85282	
OG0004377		ACC85284	
OG0004378		ACC85287	
OG0004379		ACC85290	
OG0004380		ACC85292	
OG0004381		ACC85294	
OG0004382		ACC85309	
OG0004383		ACC85320	
OG0004384		ACC85323	
OG0004385		ACC85324	
OG0004386		ACC85326	
OG0004387		ACC85327	
OG0004388		ACC85328	
OG0004389		ACC85330	
OG0004390		ACC85336	
OG0004391		ACC85340	
OG0004392		ACC85341	
OG0004393		ACC85342	
OG0004394		ACC85344	
OG0004395		ACC85346	
OG0004396		ACC84891	
OG0004397		ACC84895	
OG0004398		ACC84897	
OG0004399		ACC84899	
OG0004400		ACC84901	
OG0004401		ACC84904	
OG0004402		ACC84911	
OG0004403		ACC84912	
OG0004404		ACC84920	
OG0004405		ACC84936	
OG0004406		ACC84938	
OG0004407		ACC84940	
OG0004408		ACC84942	
OG0004409		ACC84951	
OG0004410		ACC84952	
OG0004411		ACC84964	
OG0004412		ACC84968	
OG0004413		ACC84969	
OG0004414		ACC84973	
OG0004415		ACC84976	
OG0004416		ACC84977	
OG0004417		ACC84978	
OG0004418		ACC84979	
OG0004419		ACC84984	
OG0004420		ACC84988	
OG0004421		ACC85007	
OG0004422		ACC85010	
OG0004423		ACC85015	
OG0004424		ACC85016	
OG0004425		ACC85028	
OG0004426		ACC85037	
OG0004427		ACC85039	
OG0004428		ACC85040	
OG0004429		ACC85042	
OG0004430		ACC85043	
OG0004431		ACC85046	
OG0004432		ACC85050	
OG0004433		ACC85051	
OG0004434		ACC85052	
OG0004435		ACC85055	
OG0004436		ACC85065	
OG0004437		ACC85073	
OG0004438		ACC85077	
OG0004439		ACC85079	
OG0004440		ACC85094	
OG0004441		ACC85097	
OG0004442		ACC85101	
OG0004443		ACC85102	
OG0004444		ACC85115	
OG0004445		ACC85116	
OG0004446		ACC85123	
OG0004447		ACC85128	
OG0004448		ACC85129	
OG0004449		ACC85134	
OG0004450		ACC85139	
OG0004451		ACC85146	
OG0004452		ACC85147	
OG0004453		ACC85148	
OG0004454		ACC85149	
OG0004455		ACC85348	
OG0004456		ACC85349	
OG0004457		ACC85350	
OG0004458		ACC85353	
OG0004459		ACC85355	
OG0004460		ACC85371	
OG0004461		ACC85372	
OG0004462		ACC85373	
OG0004463		ACC85377	
OG0004464		ACC85379	
OG0004465		ACC85380	
OG0004466		ACC85382	
OG0004467		ACC85384	
OG0004468		ACC85385	
OG0004469		ACC85386	
OG0004470		ACC85387	
OG0004471		ACC85389	
OG0004472		ACC85392	
OG0004473		ACC85393	
OG0004474		ACC85394	
OG0004475		ACC85400	
OG0004476		ACC85401	
OG0004477		ACC85402	
OG0004478		ACC85403	
OG0004479		ACC85405	
OG0004480		ACC85411	
OG0004481		ACC85413	
OG0004482		ACC85415	
OG0004483		ACC85423	
OG0004484		ACC85424	
OG0004485		ACC85425	
OG0004486		ACC85426	
OG0004487		ACC85428	
OG0004488		ACC85429	
OG0004489		ACC85431	
OG0004490		ACC85437	
OG0004491		ACC85439	
OG0004492		ACC85443	
OG0004493		ACC85444	
OG0004494		ACC85445	
OG0004495		ACC85452	
OG0004496		ACC85453	
OG0004497		ACC85454	
OG0004498		ACC85458	
OG0004499		ACC85463	
OG0004500		ACC85464	
OG0004501		ACC78806	
OG0004502		ACC78807	
OG0004503		ACC78808	
OG0004504		ACC78813	
OG0004505		ACC78834	
OG0004506		ACC78857	
OG0004507		ACC78865	
OG0004508		ACC78884	
OG0004509		ACC78889	
OG0004510		ACC78907	
OG0004511		ACC78908	
OG0004512		ACC78911	
OG0004513		ACC78920	
OG0004514		ACC78927	
OG0004515		ACC78929	
OG0004516		ACC78930	
OG0004517		ACC78937	
OG0004518		ACC78938	
OG0004519		ACC78940	
OG0004520		ACC78944	
OG0004521		ACC78946	
OG0004522		ACC78947	
OG0004523		ACC78948	
OG0004524		ACC78952	
OG0004525		ACC78963	
OG0004526		ACC78966	
OG0004527		ACC78967	
OG0004528		ACC78969	
OG0004529		ACC78975	
OG0004530		ACC78980	
OG0004531		ACC78983	
OG0004532		ACC78990	
OG0004533		ACC78991	
OG0004534		ACC78992	
OG0004535		ACC78995	
OG0004536		ACC78996	
OG0004537		ACC78997	
OG0004538		ACC78999	
OG0004539		ACC79000	
OG0004540		ACC79001	
OG0004541		ACC79002	
OG0004542		ACC79003	
OG0004543		ACC79004	
OG0004544		ACC79005	
OG0004545		ACC79007	
OG0004546		ACC79011	
OG0004547		ACC79012	
OG0004548		ACC79014	
OG0004549		ACC79016	
OG0004550		ACC79021	
OG0004551		ACC79022	
OG0004552		ACC79023	
OG0004553		ACC79026	
OG0004554		ACC79027	
OG0004555		ACC79031	
OG0004556		ACC79032	
OG0004557		ACC79036	
OG0004558		ACC79037	
OG0004559		ACC79053	
OG0004560		ACC79072	
OG0004561		ACC79081	
OG0004562		ACC79097	
OG0004563		ACC79098	
OG0004564		ACC79099	
OG0004565		ACC79103	
OG0004566		ACC79112	
OG0004567		ACC79113	
OG0004568		ACC79114	
OG0004569		ACC79115	
OG0004570		ACC79120	
OG0004571		ACC79121	
OG0004572		ACC79124	
OG0004573		ACC79126	
OG0004574		ACC79127	
OG0004575		ACC79135	
OG0004576		ACC79145	
OG0004577		ACC79147	
OG0004578		ACC79148	
OG0004579		ACC79149	
OG0004580		ACC79150	
OG0004581		ACC79152	
OG0004582		ACC79155	
OG0004583		ACC79156	
OG0004584		ACC79158	
OG0004585		ACC79159	
OG0004586		ACC79174	
OG0004587		ACC79175	
OG0004588		ACC79176	
OG0004589		ACC79177	
OG0004590		ACC79178	
OG0004591		ACC79179	
OG0004592		ACC79180	
OG0004593		ACC79182	
OG0004594		ACC79183	
OG0004595		ACC79185	
OG0004596		ACC79186	
OG0004597		ACC79187	
OG0004598		ACC79188	
OG0004599		ACC79190	
OG0004600		ACC79191	
OG0004601		ACC79192	
OG0004602		ACC79193	
OG0004603		ACC79202	
OG0004604		ACC79205	
OG0004605		ACC79206	
OG0004606		ACC79208	
OG0004607		ACC79212	
OG0004608		ACC79231	
OG0004609		ACC79234	
OG0004610		ACC79235	
OG0004611		ACC79236	
OG0004612		ACC79237	
OG0004613		ACC79239	
OG0004614		ACC79241	
OG0004615		ACC79244	
OG0004616		ACC79247	
OG0004617		ACC79249	
OG0004618		ACC79250	
OG0004619		ACC79252	
OG0004620		ACC79269	
OG0004621		ACC79285	
OG0004622		ACC79286	
OG0004623		ACC79288	
OG0004624		ACC79289	
OG0004625		ACC79293	
OG0004626		ACC79295	
OG0004627		ACC79299	
OG0004628		ACC79301	
OG0004629		ACC79302	
OG0004630		ACC79303	
OG0004631		ACC79308	
OG0004632		ACC79309	
OG0004633		ACC79313	
OG0004634		ACC79320	
OG0004635		ACC79328	
OG0004636		ACC79333	
OG0004637		ACC79340	
OG0004638		ACC79341	
OG0004639		ACC79342	
OG0004640		ACC79344	
OG0004641		ACC79350	
OG0004642		ACC79351	
OG0004643		ACC79355	
OG0004644		ACC79363	
OG0004645		ACC79376	
OG0004646		ACC79377	
OG0004647		ACC79378	
OG0004648		ACC79382	
OG0004649		ACC79384	
OG0004650		ACC79385	
OG0004651		ACC79386	
OG0004652		ACC79387	
OG0004653		ACC79389	
OG0004654		ACC79393	
OG0004655		ACC79394	
OG0004656		ACC79395	
OG0004657		ACC79398	
OG0004658		ACC79403	
OG0004659		ACC79406	
OG0004660		ACC79422	
OG0004661		ACC79426	
OG0004662		ACC79431	
OG0004663		ACC79432	
OG0004664		ACC79433	
OG0004665		ACC79435	
OG0004666		ACC79436	
OG0004667		ACC79439	
OG0004668		ACC79452	
OG0004669		ACC79461	
OG0004670		ACC79464	
OG0004671		ACC79467	
OG0004672		ACC79483	
OG0004673		ACC79484	
OG0004674		ACC79485	
OG0004675		ACC79486	
OG0004676		ACC79487	
OG0004677		ACC79489	
OG0004678		ACC79491	
OG0004679		ACC79494	
OG0004680		ACC79497	
OG0004681		ACC79498	
OG0004682		ACC79499	
OG0004683		ACC79500	
OG0004684		ACC79501	
OG0004685		ACC79502	
OG0004686		ACC79507	
OG0004687		ACC79517	
OG0004688		ACC79518	
OG0004689		ACC79531	
OG0004690		ACC79533	
OG0004691		ACC79534	
OG0004692		ACC79537	
OG0004693		ACC79538	
OG0004694		ACC79541	
OG0004695		ACC79542	
OG0004696		ACC79545	
OG0004697		ACC79548	
OG0004698		ACC79572	
OG0004699		ACC79574	
OG0004700		ACC79609	
OG0004701		ACC79616	
OG0004702		ACC79625	
OG0004703		ACC79632	
OG0004704		ACC79652	
OG0004705		ACC79653	
OG0004706		ACC79654	
OG0004707		ACC79657	
OG0004708		ACC79661	
OG0004709		ACC79663	
OG0004710		ACC79666	
OG0004711		ACC79667	
OG0004712		ACC79668	
OG0004713		ACC79670	
OG0004714		ACC79671	
OG0004715		ACC79677	
OG0004716		ACC79682	
OG0004717		ACC79689	
OG0004718		ACC79691	
OG0004719		ACC79692	
OG0004720		ACC79693	
OG0004721		ACC79698	
OG0004722		ACC79699	
OG0004723		ACC79700	
OG0004724		ACC79706	
OG0004725		ACC79713	
OG0004726		ACC79715	
OG0004727		ACC79724	
OG0004728		ACC79732	
OG0004729		ACC79735	
OG0004730		ACC79737	
OG0004731		ACC79739	
OG0004732		ACC79741	
OG0004733		ACC79749	
OG0004734		ACC79753	
OG0004735		ACC79755	
OG0004736		ACC79756	
OG0004737		ACC79762	
OG0004738		ACC79764	
OG0004739		ACC79765	
OG0004740		ACC79767	
OG0004741		ACC79775	
OG0004742		ACC79777	
OG0004743		ACC79778	
OG0004744		ACC79779	
OG0004745		ACC79793	
OG0004746		ACC79799	
OG0004747		ACC79801	
OG0004748		ACC79808	
OG0004749		ACC79809	
OG0004750		ACC79816	
OG0004751		ACC79818	
OG0004752		ACC79819	
OG0004753		ACC79822	
OG0004754		ACC79823	
OG0004755		ACC79825	
OG0004756		ACC79826	
OG0004757		ACC79828	
OG0004758		ACC79833	
OG0004759		ACC79835	
OG0004760		ACC79837	
OG0004761		ACC79843	
OG0004762		ACC79850	
OG0004763		ACC79854	
OG0004764		ACC79861	
OG0004765		ACC79864	
OG0004766		ACC79866	
OG0004767		ACC79874	
OG0004768		ACC79875	
OG0004769		ACC79879	
OG0004770		ACC79890	
OG0004771		ACC79900	
OG0004772		ACC79902	
OG0004773		ACC79905	
OG0004774		ACC79906	
OG0004775		ACC79909	
OG0004776		ACC79923	
OG0004777		ACC79925	
OG0004778		ACC79926	
OG0004779		ACC79927	
OG0004780		ACC79929	
OG0004781		ACC79931	
OG0004782		ACC79932	
OG0004783		ACC79933	
OG0004784		ACC79938	
OG0004785		ACC79944	
OG0004786		ACC79947	
OG0004787		ACC79958	
OG0004788		ACC79959	
OG0004789		ACC79968	
OG0004790		ACC79970	
OG0004791		ACC79971	
OG0004792		ACC79972	
OG0004793		ACC79977	
OG0004794		ACC79979	
OG0004795		ACC79981	
OG0004796		ACC79987	
OG0004797		ACC79989	
OG0004798		ACC79990	
OG0004799		ACC79992	
OG0004800		ACC79995	
OG0004801		ACC80006	
OG0004802		ACC80007	
OG0004803		ACC80011	
OG0004804		ACC80012	
OG0004805		ACC80016	
OG0004806		ACC80018	
OG0004807		ACC80020	
OG0004808		ACC80023	
OG0004809		ACC80028	
OG0004810		ACC80035	
OG0004811		ACC80044	
OG0004812		ACC80050	
OG0004813		ACC80051	
OG0004814		ACC80052	
OG0004815		ACC80063	
OG0004816		ACC80064	
OG0004817		ACC80076	
OG0004818		ACC80079	
OG0004819		ACC80083	
OG0004820		ACC80088	
OG0004821		ACC80091	
OG0004822		ACC80092	
OG0004823		ACC80097	
OG0004824		ACC80098	
OG0004825		ACC80100	
OG0004826		ACC80103	
OG0004827		ACC80107	
OG0004828		ACC80108	
OG0004829		ACC80114	
OG0004830		ACC80115	
OG0004831		ACC80121	
OG0004832		ACC80122	
OG0004833		ACC80123	
OG0004834		ACC80124	
OG0004835		ACC80128	
OG0004836		ACC80129	
OG0004837		ACC80133	
OG0004838		ACC80136	
OG0004839		ACC80138	
OG0004840		ACC80141	
OG0004841		ACC80147	
OG0004842		ACC80163	
OG0004843		ACC80169	
OG0004844		ACC80170	
OG0004845		ACC80180	
OG0004846		ACC80181	
OG0004847		ACC80182	
OG0004848		ACC80183	
OG0004849		ACC80184	
OG0004850		ACC80185	
OG0004851		ACC80188	
OG0004852		ACC80189	
OG0004853		ACC80192	
OG0004854		ACC80193	
OG0004855		ACC80200	
OG0004856		ACC80205	
OG0004857		ACC80220	
OG0004858		ACC80221	
OG0004859		ACC80222	
OG0004860		ACC80232	
OG0004861		ACC80234	
OG0004862		ACC80246	
OG0004863		ACC80250	
OG0004864		ACC80251	
OG0004865		ACC80256	
OG0004866		ACC80266	
OG0004867		ACC80278	
OG0004868		ACC80279	
OG0004869		ACC80281	
OG0004870		ACC80283	
OG0004871		ACC80287	
OG0004872		ACC80288	
OG0004873		ACC80289	
OG0004874		ACC80291	
OG0004875		ACC80292	
OG0004876		ACC80293	
OG0004877		ACC80296	
OG0004878		ACC80297	
OG0004879		ACC80298	
OG0004880		ACC80301	
OG0004881		ACC80305	
OG0004882		ACC80310	
OG0004883		ACC80312	
OG0004884		ACC80313	
OG0004885		ACC80328	
OG0004886		ACC80329	
OG0004887		ACC80330	
OG0004888		ACC80331	
OG0004889		ACC80333	
OG0004890		ACC80334	
OG0004891		ACC80336	
OG0004892		ACC80339	
OG0004893		ACC80340	
OG0004894		ACC80342	
OG0004895		ACC80343	
OG0004896		ACC80344	
OG0004897		ACC80345	
OG0004898		ACC80346	
OG0004899		ACC80347	
OG0004900		ACC80348	
OG0004901		ACC80349	
OG0004902		ACC80352	
OG0004903		ACC80357	
OG0004904		ACC80361	
OG0004905		ACC80362	
OG0004906		ACC80363	
OG0004907		ACC80364	
OG0004908		ACC80375	
OG0004909		ACC80376	
OG0004910		ACC80384	
OG0004911		ACC80386	
OG0004912		ACC80390	
OG0004913		ACC80394	
OG0004914		ACC80397	
OG0004915		ACC80401	
OG0004916		ACC80405	
OG0004917		ACC80407	
OG0004918		ACC80413	
OG0004919		ACC80414	
OG0004920		ACC80416	
OG0004921		ACC80418	
OG0004922		ACC80420	
OG0004923		ACC80429	
OG0004924		ACC80434	
OG0004925		ACC80435	
OG0004926		ACC80436	
OG0004927		ACC80443	
OG0004928		ACC80448	
OG0004929		ACC80455	
OG0004930		ACC80459	
OG0004931		ACC80462	
OG0004932		ACC80463	
OG0004933		ACC80468	
OG0004934		ACC80469	
OG0004935		ACC80481	
OG0004936		ACC80482	
OG0004937		ACC80485	
OG0004938		ACC80488	
OG0004939		ACC80497	
OG0004940		ACC80512	
OG0004941		ACC80515	
OG0004942		ACC80519	
OG0004943		ACC80524	
OG0004944		ACC80526	
OG0004945		ACC80537	
OG0004946		ACC80539	
OG0004947		ACC80540	
OG0004948		ACC80546	
OG0004949		ACC80547	
OG0004950		ACC80549	
OG0004951		ACC80550	
OG0004952		ACC80552	
OG0004953		ACC80554	
OG0004954		ACC80556	
OG0004955		ACC80560	
OG0004956		ACC80571	
OG0004957		ACC80576	
OG0004958		ACC80578	
OG0004959		ACC80579	
OG0004960		ACC80580	
OG0004961		ACC80581	
OG0004962		ACC80582	
OG0004963		ACC80589	
OG0004964		ACC80593	
OG0004965		ACC80594	
OG0004966		ACC80596	
OG0004967		ACC80597	
OG0004968		ACC80601	
OG0004969		ACC80604	
OG0004970		ACC80605	
OG0004971		ACC80607	
OG0004972		ACC80618	
OG0004973		ACC80619	
OG0004974		ACC80620	
OG0004975		ACC80621	
OG0004976		ACC80622	
OG0004977		ACC80629	
OG0004978		ACC80632	
OG0004979		ACC80634	
OG0004980		ACC80636	
OG0004981		ACC80639	
OG0004982		ACC80651	
OG0004983		ACC80652	
OG0004984		ACC80654	
OG0004985		ACC80657	
OG0004986		ACC80667	
OG0004987		ACC80672	
OG0004988		ACC80674	
OG0004989		ACC80676	
OG0004990		ACC80677	
OG0004991		ACC80679	
OG0004992		ACC80680	
OG0004993		ACC80682	
OG0004994		ACC80683	
OG0004995		ACC80684	
OG0004996		ACC80688	
OG0004997		ACC80690	
OG0004998		ACC80691	
OG0004999		ACC80692	
OG0005000		ACC80693	
OG0005001		ACC80694	
OG0005002		ACC80695	
OG0005003		ACC80697	
OG0005004		ACC80704	
OG0005005		ACC80705	
OG0005006		ACC80707	
OG0005007		ACC80711	
OG0005008		ACC80725	
OG0005009		ACC80726	
OG0005010		ACC80729	
OG0005011		ACC80730	
OG0005012		ACC80735	
OG0005013		ACC80737	
OG0005014		ACC80740	
OG0005015		ACC80741	
OG0005016		ACC80744	
OG0005017		ACC80745	
OG0005018		ACC80746	
OG0005019		ACC80753	
OG0005020		ACC80754	
OG0005021		ACC80755	
OG0005022		ACC80765	
OG0005023		ACC80773	
OG0005024		ACC80778	
OG0005025		ACC80786	
OG0005026		ACC80788	
OG0005027		ACC80795	
OG0005028		ACC80796	
OG0005029		ACC80816	
OG0005030		ACC80821	
OG0005031		ACC80822	
OG0005032		ACC80823	
OG0005033		ACC80826	
OG0005034		ACC80834	
OG0005035		ACC80835	
OG0005036		ACC80842	
OG0005037		ACC80844	
OG0005038		ACC80845	
OG0005039		ACC80850	
OG0005040		ACC80866	
OG0005041		ACC80869	
OG0005042		ACC80870	
OG0005043		ACC80871	
OG0005044		ACC80881	
OG0005045		ACC80882	
OG0005046		ACC80886	
OG0005047		ACC80889	
OG0005048		ACC80894	
OG0005049		ACC80895	
OG0005050		ACC80896	
OG0005051		ACC80897	
OG0005052		ACC80898	
OG0005053		ACC80903	
OG0005054		ACC80907	
OG0005055		ACC80929	
OG0005056		ACC80934	
OG0005057		ACC80935	
OG0005058		ACC80949	
OG0005059		ACC80950	
OG0005060		ACC80952	
OG0005061		ACC80957	
OG0005062		ACC80960	
OG0005063		ACC80964	
OG0005064		ACC80965	
OG0005065		ACC80968	
OG0005066		ACC80969	
OG0005067		ACC80970	
OG0005068		ACC80977	
OG0005069		ACC80978	
OG0005070		ACC80984	
OG0005071		ACC80989	
OG0005072		ACC80991	
OG0005073		ACC80998	
OG0005074		ACC81002	
OG0005075		ACC81003	
OG0005076		ACC81004	
OG0005077		ACC81007	
OG0005078		ACC81008	
OG0005079		ACC81009	
OG0005080		ACC81011	
OG0005081		ACC81013	
OG0005082		ACC81015	
OG0005083		ACC81016	
OG0005084		ACC81018	
OG0005085		ACC81019	
OG0005086		ACC81025	
OG0005087		ACC81034	
OG0005088		ACC81037	
OG0005089		ACC81038	
OG0005090		ACC81050	
OG0005091		ACC81052	
OG0005092		ACC81070	
OG0005093		ACC81075	
OG0005094		ACC81079	
OG0005095		ACC81091	
OG0005096		ACC81092	
OG0005097		ACC81100	
OG0005098		ACC81102	
OG0005099		ACC81109	
OG0005100		ACC81116	
OG0005101		ACC81121	
OG0005102		ACC81122	
OG0005103		ACC81123	
OG0005104		ACC81124	
OG0005105		ACC81125	
OG0005106		ACC81126	
OG0005107		ACC81127	
OG0005108		ACC81128	
OG0005109		ACC81129	
OG0005110		ACC81130	
OG0005111		ACC81131	
OG0005112		ACC81132	
OG0005113		ACC81133	
OG0005114		ACC81134	
OG0005115		ACC81135	
OG0005116		ACC81137	
OG0005117		ACC81140	
OG0005118		ACC81141	
OG0005119		ACC81142	
OG0005120		ACC81143	
OG0005121		ACC81144	
OG0005122		ACC81145	
OG0005123		ACC81146	
OG0005124		ACC81147	
OG0005125		ACC81148	
OG0005126		ACC81149	
OG0005127		ACC81150	
OG0005128		ACC81151	
OG0005129		ACC81152	
OG0005130		ACC81153	
OG0005131		ACC81154	
OG0005132		ACC81155	
OG0005133		ACC81156	
OG0005134		ACC81157	
OG0005135		ACC81158	
OG0005136		ACC81159	
OG0005137		ACC81160	
OG0005138		ACC81161	
OG0005139		ACC81162	
OG0005140		ACC81163	
OG0005141		ACC81164	
OG0005142		ACC81165	
OG0005143		ACC81166	
OG0005144		ACC81167	
OG0005145		ACC81168	
OG0005146		ACC81169	
OG0005147		ACC81170	
OG0005148		ACC81171	
OG0005149		ACC81173	
OG0005150		ACC81175	
OG0005151		ACC81176	
OG0005152		ACC81177	
OG0005153		ACC81179	
OG0005154		ACC81180	
OG0005155		ACC81183	
OG0005156		ACC81184	
OG0005157		ACC81187	
OG0005158		ACC81190	
OG0005159		ACC81192	
OG0005160		ACC81204	
OG0005161		ACC81206	
OG0005162		ACC81212	
OG0005163		ACC81216	
OG0005164		ACC81218	
OG0005165		ACC81222	
OG0005166		ACC81236	
OG0005167		ACC81237	
OG0005168		ACC81240	
OG0005169		ACC81251	
OG0005170		ACC81252	
OG0005171		ACC81257	
OG0005172		ACC81259	
OG0005173		ACC81262	
OG0005174		ACC81263	
OG0005175		ACC81264	
OG0005176		ACC81267	
OG0005177		ACC81268	
OG0005178		ACC81273	
OG0005179		ACC81274	
OG0005180		ACC81275	
OG0005181		ACC81276	
OG0005182		ACC81279	
OG0005183		ACC81299	
OG0005184		ACC81300	
OG0005185		ACC81311	
OG0005186		ACC81312	
OG0005187		ACC81315	
OG0005188		ACC81318	
OG0005189		ACC81320	
OG0005190		ACC81321	
OG0005191		ACC81324	
OG0005192		ACC81327	
OG0005193		ACC81328	
OG0005194		ACC81329	
OG0005195		ACC81337	
OG0005196		ACC81340	
OG0005197		ACC81346	
OG0005198		ACC81348	
OG0005199		ACC81353	
OG0005200		ACC81357	
OG0005201		ACC81359	
OG0005202		ACC81361	
OG0005203		ACC81384	
OG0005204		ACC81386	
OG0005205		ACC81388	
OG0005206		ACC81389	
OG0005207		ACC81394	
OG0005208		ACC81395	
OG0005209		ACC81401	
OG0005210		ACC81402	
OG0005211		ACC81403	
OG0005212		ACC81413	
OG0005213		ACC81424	
OG0005214		ACC81433	
OG0005215		ACC81438	
OG0005216		ACC81445	
OG0005217		ACC81450	
OG0005218		ACC81452	
OG0005219		ACC81453	
OG0005220		ACC81469	
OG0005221		ACC81470	
OG0005222		ACC81475	
OG0005223		ACC81477	
OG0005224		ACC81481	
OG0005225		ACC81483	
OG0005226		ACC81487	
OG0005227		ACC81488	
OG0005228		ACC81497	
OG0005229		ACC81501	
OG0005230		ACC81503	
OG0005231		ACC81505	
OG0005232		ACC81521	
OG0005233		ACC81523	
OG0005234		ACC81530	
OG0005235		ACC81532	
OG0005236		ACC81535	
OG0005237		ACC81537	
OG0005238		ACC81542	
OG0005239		ACC81544	
OG0005240		ACC81545	
OG0005241		ACC81547	
OG0005242		ACC81548	
OG0005243		ACC81553	
OG0005244		ACC81556	
OG0005245		ACC81557	
OG0005246		ACC81561	
OG0005247		ACC81563	
OG0005248		ACC81564	
OG0005249		ACC81568	
OG0005250		ACC81579	
OG0005251		ACC81580	
OG0005252		ACC81588	
OG0005253		ACC81597	
OG0005254		ACC81598	
OG0005255		ACC81600	
OG0005256		ACC81602	
OG0005257		ACC81603	
OG0005258		ACC81604	
OG0005259		ACC81605	
OG0005260		ACC81613	
OG0005261		ACC81615	
OG0005262		ACC81617	
OG0005263		ACC81623	
OG0005264		ACC81624	
OG0005265		ACC81625	
OG0005266		ACC81626	
OG0005267		ACC81634	
OG0005268		ACC81635	
OG0005269		ACC81636	
OG0005270		ACC81637	
OG0005271		ACC81640	
OG0005272		ACC81644	
OG0005273		ACC81647	
OG0005274		ACC81667	
OG0005275		ACC81671	
OG0005276		ACC81686	
OG0005277		ACC81687	
OG0005278		ACC81690	
OG0005279		ACC81697	
OG0005280		ACC81698	
OG0005281		ACC81702	
OG0005282		ACC81716	
OG0005283		ACC81720	
OG0005284		ACC81728	
OG0005285		ACC81731	
OG0005286		ACC81733	
OG0005287		ACC81736	
OG0005288		ACC81737	
OG0005289		ACC81738	
OG0005290		ACC81741	
OG0005291		ACC81747	
OG0005292		ACC81748	
OG0005293		ACC81753	
OG0005294		ACC81754	
OG0005295		ACC81755	
OG0005296		ACC81756	
OG0005297		ACC81761	
OG0005298		ACC81766	
OG0005299		ACC81767	
OG0005300		ACC81772	
OG0005301		ACC81773	
OG0005302		ACC81777	
OG0005303		ACC81780	
OG0005304		ACC81785	
OG0005305		ACC81790	
OG0005306		ACC81793	
OG0005307		ACC81795	
OG0005308		ACC81799	
OG0005309		ACC81801	
OG0005310		ACC81810	
OG0005311		ACC81813	
OG0005312		ACC81814	
OG0005313		ACC81816	
OG0005314		ACC81817	
OG0005315		ACC81819	
OG0005316		ACC81820	
OG0005317		ACC81821	
OG0005318		ACC81823	
OG0005319		ACC81824	
OG0005320		ACC81826	
OG0005321		ACC81831	
OG0005322		ACC81832	
OG0005323		ACC81852	
OG0005324		ACC81858	
OG0005325		ACC81865	
OG0005326		ACC81872	
OG0005327		ACC81873	
OG0005328		ACC81876	
OG0005329		ACC81885	
OG0005330		ACC81905	
OG0005331		ACC81906	
OG0005332		ACC81917	
OG0005333		ACC81920	
OG0005334		ACC81933	
OG0005335		ACC81934	
OG0005336		ACC81947	
OG0005337		ACC81966	
OG0005338		ACC81967	
OG0005339		ACC81971	
OG0005340		ACC81973	
OG0005341		ACC81977	
OG0005342		ACC81991	
OG0005343		ACC82007	
OG0005344		ACC82008	
OG0005345		ACC82009	
OG0005346		ACC82012	
OG0005347		ACC82014	
OG0005348		ACC82015	
OG0005349		ACC82021	
OG0005350		ACC82024	
OG0005351		ACC82025	
OG0005352		ACC82035	
OG0005353		ACC82044	
OG0005354		ACC82047	
OG0005355		ACC82053	
OG0005356		ACC82054	
OG0005357		ACC82071	
OG0005358		ACC82074	
OG0005359		ACC82078	
OG0005360		ACC82079	
OG0005361		ACC82088	
OG0005362		ACC82095	
OG0005363		ACC82099	
OG0005364		ACC82100	
OG0005365		ACC82103	
OG0005366		ACC82104	
OG0005367		ACC82126	
OG0005368		ACC82127	
OG0005369		ACC82128	
OG0005370		ACC82135	
OG0005371		ACC82149	
OG0005372		ACC82159	
OG0005373		ACC82162	
OG0005374		ACC82177	
OG0005375		ACC82179	
OG0005376		ACC82185	
OG0005377		ACC82187	
OG0005378		ACC82190	
OG0005379		ACC82191	
OG0005380		ACC82194	
OG0005381		ACC82205	
OG0005382		ACC82207	
OG0005383		ACC82220	
OG0005384		ACC82223	
OG0005385		ACC82276	
OG0005386		ACC82282	
OG0005387		ACC82283	
OG0005388		ACC82298	
OG0005389		ACC82299	
OG0005390		ACC82306	
OG0005391		ACC82307	
OG0005392		ACC82312	
OG0005393		ACC82313	
OG0005394		ACC82314	
OG0005395		ACC82322	
OG0005396		ACC82336	
OG0005397		ACC82341	
OG0005398		ACC82359	
OG0005399		ACC82360	
OG0005400		ACC82368	
OG0005401		ACC82369	
OG0005402		ACC82379	
OG0005403		ACC82380	
OG0005404		ACC82383	
OG0005405		ACC82384	
OG0005406		ACC82386	
OG0005407		ACC82391	
OG0005408		ACC82395	
OG0005409		ACC82396	
OG0005410		ACC82397	
OG0005411		ACC82398	
OG0005412		ACC82399	
OG0005413		ACC82419	
OG0005414		ACC82420	
OG0005415		ACC82421	
OG0005416		ACC82431	
OG0005417		ACC82432	
OG0005418		ACC82437	
OG0005419		ACC82441	
OG0005420		ACC82442	
OG0005421		ACC82459	
OG0005422		ACC82461	
OG0005423		ACC82462	
OG0005424		ACC82464	
OG0005425		ACC82465	
OG0005426		ACC82481	
OG0005427		ACC82483	
OG0005428		ACC82487	
OG0005429		ACC82488	
OG0005430		ACC82489	
OG0005431		ACC82504	
OG0005432		ACC82506	
OG0005433		ACC82507	
OG0005434		ACC82510	
OG0005435		ACC82511	
OG0005436		ACC82514	
OG0005437		ACC82517	
OG0005438		ACC82520	
OG0005439		ACC82522	
OG0005440		ACC82530	
OG0005441		ACC82548	
OG0005442		ACC82549	
OG0005443		ACC82553	
OG0005444		ACC82573	
OG0005445		ACC82577	
OG0005446		ACC82607	
OG0005447		ACC82609	
OG0005448		ACC82627	
OG0005449		ACC82629	
OG0005450		ACC82639	
OG0005451		ACC82640	
OG0005452		ACC82648	
OG0005453		ACC82650	
OG0005454		ACC82655	
OG0005455		ACC82659	
OG0005456		ACC82662	
OG0005457		ACC82673	
OG0005458		ACC82679	
OG0005459		ACC82685	
OG0005460		ACC82686	
OG0005461		ACC82699	
OG0005462		ACC82707	
OG0005463		ACC82726	
OG0005464		ACC82729	
OG0005465		ACC82732	
OG0005466		ACC82765	
OG0005467		ACC82767	
OG0005468		ACC82772	
OG0005469		ACC82779	
OG0005470		ACC82785	
OG0005471		ACC82791	
OG0005472		ACC82794	
OG0005473		ACC82797	
OG0005474		ACC82804	
OG0005475		ACC82806	
OG0005476		ACC82808	
OG0005477		ACC82809	
OG0005478		ACC82811	
OG0005479		ACC82817	
OG0005480		ACC82818	
OG0005481		ACC82838	
OG0005482		ACC82853	
OG0005483		ACC82855	
OG0005484		ACC82856	
OG0005485		ACC82857	
OG0005486		ACC82867	
OG0005487		ACC82883	
OG0005488		ACC82884	
OG0005489		ACC82888	
OG0005490		ACC82889	
OG0005491		ACC82898	
OG0005492		ACC82907	
OG0005493		ACC82910	
OG0005494		ACC82923	
OG0005495		ACC82924	
OG0005496		ACC82926	
OG0005497		ACC82935	
OG0005498		ACC82941	
OG0005499		ACC82942	
OG0005500		ACC82944	
OG0005501		ACC82945	
OG0005502		ACC82946	
OG0005503		ACC82947	
OG0005504		ACC82948	
OG0005505		ACC82954	
OG0005506		ACC82958	
OG0005507		ACC82961	
OG0005508		ACC82969	
OG0005509		ACC82970	
OG0005510		ACC82972	
OG0005511		ACC82973	
OG0005512		ACC82980	
OG0005513		ACC82983	
OG0005514		ACC82986	
OG0005515		ACC82987	
OG0005516		ACC82988	
OG0005517		ACC82995	
OG0005518		ACC82997	
OG0005519		ACC82998	
OG0005520		ACC82999	
OG0005521		ACC83007	
OG0005522		ACC83010	
OG0005523		ACC83017	
OG0005524		ACC83028	
OG0005525		ACC83029	
OG0005526		ACC83031	
OG0005527		ACC83039	
OG0005528		ACC83040	
OG0005529		ACC83041	
OG0005530		ACC83053	
OG0005531		ACC83054	
OG0005532		ACC83056	
OG0005533		ACC83057	
OG0005534		ACC83061	
OG0005535		ACC83062	
OG0005536		ACC83063	
OG0005537		ACC83066	
OG0005538		ACC83067	
OG0005539		ACC83069	
OG0005540		ACC83070	
OG0005541		ACC83072	
OG0005542		ACC83079	
OG0005543		ACC83080	
OG0005544		ACC83089	
OG0005545		ACC83092	
OG0005546		ACC83095	
OG0005547		ACC83098	
OG0005548		ACC83101	
OG0005549		ACC83107	
OG0005550		ACC83108	
OG0005551		ACC83113	
OG0005552		ACC83127	
OG0005553		ACC83131	
OG0005554		ACC83132	
OG0005555		ACC83150	
OG0005556		ACC83154	
OG0005557		ACC83165	
OG0005558		ACC83166	
OG0005559		ACC83176	
OG0005560		ACC83177	
OG0005561		ACC83178	
OG0005562		ACC83179	
OG0005563		ACC83180	
OG0005564		ACC83191	
OG0005565		ACC83192	
OG0005566		ACC83193	
OG0005567		ACC83194	
OG0005568		ACC83195	
OG0005569		ACC83197	
OG0005570		ACC83199	
OG0005571		ACC83200	
OG0005572		ACC83219	
OG0005573		ACC83221	
OG0005574		ACC83222	
OG0005575		ACC83223	
OG0005576		ACC83237	
OG0005577		ACC83238	
OG0005578		ACC83241	
OG0005579		ACC83243	
OG0005580		ACC83245	
OG0005581		ACC83248	
OG0005582		ACC83252	
OG0005583		ACC83260	
OG0005584		ACC83268	
OG0005585		ACC83275	
OG0005586		ACC83276	
OG0005587		ACC83279	
OG0005588		ACC83290	
OG0005589		ACC83296	
OG0005590		ACC83300	
OG0005591		ACC83301	
OG0005592		ACC83312	
OG0005593		ACC83318	
OG0005594		ACC83325	
OG0005595		ACC83337	
OG0005596		ACC83353	
OG0005597		ACC83357	
OG0005598		ACC83365	
OG0005599		ACC83374	
OG0005600		ACC83380	
OG0005601		ACC83391	
OG0005602		ACC83393	
OG0005603		ACC83395	
OG0005604		ACC83401	
OG0005605		ACC83422	
OG0005606		ACC83427	
OG0005607		ACC83435	
OG0005608		ACC83436	
OG0005609		ACC83454	
OG0005610		ACC83455	
OG0005611		ACC83463	
OG0005612		ACC83472	
OG0005613		ACC83474	
OG0005614		ACC83475	
OG0005615		ACC83484	
OG0005616		ACC83517	
OG0005617		ACC83519	
OG0005618		ACC83533	
OG0005619		ACC83539	
OG0005620		ACC83545	
OG0005621		ACC83550	
OG0005622		ACC83555	
OG0005623		ACC83560	
OG0005624		ACC83561	
OG0005625		ACC83562	
OG0005626		ACC83563	
OG0005627		ACC83564	
OG0005628		ACC83565	
OG0005629		ACC83566	
OG0005630		ACC83583	
OG0005631		ACC83584	
OG0005632		ACC83585	
OG0005633		ACC83589	
OG0005634		ACC83591	
OG0005635		ACC83595	
OG0005636		ACC83596	
OG0005637		ACC83600	
OG0005638		ACC83601	
OG0005639		ACC83609	
OG0005640		ACC83617	
OG0005641		ACC83626	
OG0005642		ACC83629	
OG0005643		ACC83632	
OG0005644		ACC83634	
OG0005645		ACC83636	
OG0005646		ACC83637	
OG0005647		ACC83647	
OG0005648		ACC83648	
OG0005649		ACC83649	
OG0005650		ACC83650	
OG0005651		ACC83651	
OG0005652		ACC83652	
OG0005653		ACC83653	
OG0005654		ACC83654	
OG0005655		ACC83658	
OG0005656		ACC83659	
OG0005657		ACC83660	
OG0005658		ACC83662	
OG0005659		ACC83663	
OG0005660		ACC83664	
OG0005661		ACC83668	
OG0005662		ACC83679	
OG0005663		ACC83682	
OG0005664		ACC83684	
OG0005665		ACC83685	
OG0005666		ACC83688	
OG0005667		ACC83689	
OG0005668		ACC83691	
OG0005669		ACC83692	
OG0005670		ACC83693	
OG0005671		ACC83702	
OG0005672		ACC83703	
OG0005673		ACC83704	
OG0005674		ACC83715	
OG0005675		ACC83716	
OG0005676		ACC83717	
OG0005677		ACC83722	
OG0005678		ACC83724	
OG0005679		ACC83725	
OG0005680		ACC83727	
OG0005681		ACC83728	
OG0005682		ACC83731	
OG0005683		ACC83733	
OG0005684		ACC83737	
OG0005685		ACC83740	
OG0005686		ACC83747	
OG0005687		ACC83750	
OG0005688		ACC83752	
OG0005689		ACC83753	
OG0005690		ACC83754	
OG0005691		ACC83767	
OG0005692		ACC83769	
OG0005693		ACC83772	
OG0005694		ACC83776	
OG0005695		ACC83779	
OG0005696		ACC83780	
OG0005697		ACC83783	
OG0005698		ACC83792	
OG0005699		ACC83794	
OG0005700		ACC83795	
OG0005701		ACC83797	
OG0005702		ACC83799	
OG0005703		ACC83804	
OG0005704		ACC83805	
OG0005705		ACC83806	
OG0005706		ACC83809	
OG0005707		ACC83810	
OG0005708		ACC83821	
OG0005709		ACC83825	
OG0005710		ACC83826	
OG0005711		ACC83827	
OG0005712		ACC83828	
OG0005713		ACC83837	
OG0005714		ACC83842	
OG0005715		ACC83849	
OG0005716		ACC83850	
OG0005717		ACC83903	
OG0005718		ACC83904	
OG0005719		ACC83905	
OG0005720		ACC83909	
OG0005721		ACC83910	
OG0005722		ACC83911	
OG0005723		ACC83912	
OG0005724		ACC83914	
OG0005725		ACC83932	
OG0005726		ACC83937	
OG0005727		ACC83945	
OG0005728		ACC83958	
OG0005729		ACC83959	
OG0005730		ACC83960	
OG0005731		ACC83961	
OG0005732		ACC83966	
OG0005733		ACC83967	
OG0005734		ACC83968	
OG0005735		ACC83969	
OG0005736		ACC83973	
OG0005737		ACC83974	
OG0005738		ACC83975	
OG0005739		ACC83978	
OG0005740		ACC83981	
OG0005741		ACC83985	
OG0005742		ACC83987	
OG0005743		ACC83988	
OG0005744		ACC83991	
OG0005745		ACC83995	
OG0005746		ACC84000	
OG0005747		ACC84007	
OG0005748		ACC84008	
OG0005749		ACC84017	
OG0005750		ACC84021	
OG0005751		ACC84023	
OG0005752		ACC84024	
OG0005753		ACC84025	
OG0005754		ACC84026	
OG0005755		ACC84027	
OG0005756		ACC84028	
OG0005757		ACC84033	
OG0005758		ACC84035	
OG0005759		ACC84057	
OG0005760		ACC84065	
OG0005761		ACC84080	
OG0005762		ACC84082	
OG0005763		ACC84088	
OG0005764		ACC84090	
OG0005765		ACC84098	
OG0005766		ACC84100	
OG0005767		ACC84101	
OG0005768		ACC84102	
OG0005769		ACC84103	
OG0005770		ACC84106	
OG0005771		ACC84109	
OG0005772		ACC84119	
OG0005773		ACC84131	
OG0005774		ACC84137	
OG0005775		ACC84142	
OG0005776		ACC84144	
OG0005777		ACC84157	
OG0005778		ACC84160	
OG0005779		ACC84162	
OG0005780		ACC84180	
OG0005781		ACC84187	
OG0005782		ACC84189	
OG0005783		ACC84194	
OG0005784		ACC84197	
OG0005785		ACC84200	
OG0005786		ACC84202	
OG0005787		ACC84207	
OG0005788		ACC84208	
OG0005789		ACC84212	
OG0005790		ACC84215	
OG0005791		ACC84216	
OG0005792		ACC84222	
OG0005793		ACC84230	
OG0005794		ACC84248	
OG0005795		ACC84260	
OG0005796		ACC84267	
OG0005797		ACC84268	
OG0005798		ACC84269	
OG0005799		ACC84270	
OG0005800		ACC84272	
OG0005801		ACC84282	
OG0005802		ACC84283	
OG0005803		ACC84293	
OG0005804		ACC84301	
OG0005805		ACC84310	
OG0005806		ACC84316	
OG0005807		ACC84321	
OG0005808		ACC84335	
OG0005809		ACC84338	
OG0005810		ACC84339	
OG0005811		ACC84344	
OG0005812		ACC84350	
OG0005813		ACC84351	
OG0005814		ACC84354	
OG0005815		ACC84355	
OG0005816		ACC84357	
OG0005817		ACC84364	
OG0005818		ACC84368	
OG0005819		ACC84369	
OG0005820		ACC84370	
OG0005821		ACC84377	
OG0005822		ACC84384	
OG0005823		ACC84394	
OG0005824		ACC84396	
OG0005825		ACC84398	
OG0005826		ACC84399	
OG0005827		ACC84401	
OG0005828		ACC84409	
OG0005829		ACC84410	
OG0005830		ACC84411	
OG0005831		ACC84414	
OG0005832		ACC84419	
OG0005833		ACC84420	
OG0005834		ACC84430	
OG0005835		ACC84431	
OG0005836		ACC84440	
OG0005837		ACC84444	
OG0005838		ACC84447	
OG0005839		ACC84458	
OG0005840		ACC84459	
OG0005841		ACC84463	
OG0005842		ACC84469	
OG0005843		ACC84470	
OG0005844		ACC84482	
OG0005845		ACC84493	
OG0005846		ACC84494	
OG0005847		ACC84495	
OG0005848		ACC84496	
OG0005849		ACC84510	
OG0005850		ACC84513	
OG0005851		ACC84514	
OG0005852		ACC84518	
OG0005853		ACC84520	
OG0005854		ACC84524	
OG0005855		ACC84525	
OG0005856		ACC84527	
OG0005857		ACC84531	
OG0005858		ACC84532	
OG0005859		ACC84533	
OG0005860		ACC84545	
OG0005861		ACC84548	
OG0005862		ACC84549	
OG0005863		ACC84552	
OG0005864		ACC84567	
OG0005865		ACC84569	
OG0005866		ACC84572	
OG0005867		ACC84573	
OG0005868		ACC84575	
OG0005869		ACC84578	
OG0005870		ACC84588	
OG0005871		ACC84590	
OG0005872		ACC84591	
OG0005873		ACC84592	
OG0005874		ACC84595	
OG0005875		ACC84596	
OG0005876		ACC84597	
OG0005877		ACC84598	
OG0005878		ACC84605	
OG0005879		ACC84608	
OG0005880		ACC84615	
OG0005881		ACC84621	
OG0005882		ACC84625	
OG0005883		ACC84627	
OG0005884		ACC84637	
OG0005885		ACC84639	
OG0005886		ACC84648	
OG0005887		ACC84653	
OG0005888		ACC84662	
OG0005889		ACC84664	
OG0005890		ACC84679	
OG0005891		ACC84680	
OG0005892		ACC84681	
OG0005893		ACC84682	
OG0005894		ACC84685	
OG0005895		ACC84693	
OG0005896		ACC84695	
OG0005897		ACC84696	
OG0005898		ACC84700	
OG0005899		ACC84709	
OG0005900		ACC84710	
OG0005901		ACC84719	
OG0005902		ACC84722	
OG0005903		ACC84723	
OG0005904		ACC84724	
OG0005905		ACC84730	
OG0005906		ACC84735	
OG0005907		ACC84736	
OG0005908		ACC84743	
OG0005909		ACC84757	
OG0005910		ACC84760	
OG0005911		ACC84762	
OG0005912		ACC84764	
OG0005913		ACC84765	
OG0005914		ACC84767	
OG0005915		ACC84776	
OG0005916		ACC84777	
OG0005917		ACC84785	
OG0005918		ACC84792	
OG0005919		ACC84794	
OG0005920		ACC84797	
OG0005921		ACC84799	
OG0005922		ACC84801	
OG0005923		ACC84803	
OG0005924		ACC84804	
OG0005925		ACC84810	
OG0005926		ACC84811	
OG0005927		ACC84814	
OG0005928		ACC84817	
OG0005929		ACC84819	
OG0005930		ACC84820	
OG0005931		ACC84821	
OG0005932		ACC84822	
OG0005933		ACC84823	
OG0005934		ACC84825	
OG0005935		ACC84828	
OG0005936		ACC84863	
OG0005937		ACC84866	
OG0005938		ACC84870	
OG0005939		ACC84872	
OG0005940		ACC84873	
OG0005941		ACC84882	
OG0005942		ACC84885	
OG0005943		ACC84887	
OG0005944			EKQ71342
OG0005945			EKQ71344
OG0005946			EKQ71345
OG0005947			EKQ71337
OG0005948			EKQ71339
OG0005949			EKQ71340
OG0005950			EKQ71341
OG0005951			EKQ71330
OG0005952			EKQ71331
OG0005953			EKQ71332
OG0005954			EKQ71333
OG0005955			EKQ71334
OG0005956			EKQ71171
OG0005957			EKQ71174
OG0005958			EKQ71176
OG0005959			EKQ71181
OG0005960			EKQ71182
OG0005961			EKQ71183
OG0005962			EKQ71184
OG0005963			EKQ71185
OG0005964			EKQ71186
OG0005965			EKQ71188
OG0005966			EKQ71191
OG0005967			EKQ71194
OG0005968			EKQ71204
OG0005969			EKQ71206
OG0005970			EKQ71210
OG0005971			EKQ71211
OG0005972			EKQ71212
OG0005973			EKQ71216
OG0005974			EKQ71217
OG0005975			EKQ71219
OG0005976			EKQ71226
OG0005977			EKQ71227
OG0005978			EKQ71228
OG0005979			EKQ71234
OG0005980			EKQ71235
OG0005981			EKQ71236
OG0005982			EKQ71237
OG0005983			EKQ71238
OG0005984			EKQ71239
OG0005985			EKQ71249
OG0005986			EKQ71250
OG0005987			EKQ71254
OG0005988			EKQ71260
OG0005989			EKQ71263
OG0005990			EKQ71270
OG0005991			EKQ71271
OG0005992			EKQ71279
OG0005993			EKQ71283
OG0005994			EKQ71285
OG0005995			EKQ71287
OG0005996			EKQ71288
OG0005997			EKQ71292
OG0005998			EKQ71293
OG0005999			EKQ71294
OG0006000			EKQ71295
OG0006001			EKQ71296
OG0006002			EKQ71297
OG0006003			EKQ71298
OG0006004			EKQ71304
OG0006005			EKQ71309
OG0006006			EKQ71310
OG0006007			EKQ71321
OG0006008			EKQ71323
OG0006009			EKQ71326
OG0006010			EKQ69957
OG0006011			EKQ69962
OG0006012			EKQ69963
OG0006013			EKQ69966
OG0006014			EKQ69967
OG0006015			EKQ69968
OG0006016			EKQ69969
OG0006017			EKQ69970
OG0006018			EKQ69971
OG0006019			EKQ69972
OG0006020			EKQ69973
OG0006021			EKQ69978
OG0006022			EKQ69986
OG0006023			EKQ69987
OG0006024			EKQ69989
OG0006025			EKQ69990
OG0006026			EKQ69991
OG0006027			EKQ69992
OG0006028			EKQ69994
OG0006029			EKQ69998
OG0006030			EKQ69999
OG0006031			EKQ70008
OG0006032			EKQ70036
OG0006033			EKQ70037
OG0006034			EKQ70038
OG0006035			EKQ70041
OG0006036			EKQ70042
OG0006037			EKQ70048
OG0006038			EKQ70049
OG0006039			EKQ70050
OG0006040			EKQ70051
OG0006041			EKQ70053
OG0006042			EKQ70061
OG0006043			EKQ70062
OG0006044			EKQ70071
OG0006045			EKQ70073
OG0006046			EKQ70078
OG0006047			EKQ70108
OG0006048			EKQ70110
OG0006049			EKQ70111
OG0006050			EKQ70112
OG0006051			EKQ70113
OG0006052			EKQ70118
OG0006053			EKQ70120
OG0006054			EKQ70147
OG0006055			EKQ70151
OG0006056			EKQ70156
OG0006057			EKQ70157
OG0006058			EKQ70158
OG0006059			EKQ70160
OG0006060			EKQ70165
OG0006061			EKQ70172
OG0006062			EKQ70173
OG0006063			EKQ70174
OG0006064			EKQ70175
OG0006065			EKQ70184
OG0006066			EKQ70187
OG0006067			EKQ70193
OG0006068			EKQ70197
OG0006069			EKQ70202
OG0006070			EKQ70203
OG0006071			EKQ70204
OG0006072			EKQ70205
OG0006073			EKQ70207
OG0006074			EKQ70208
OG0006075			EKQ70213
OG0006076			EKQ70216
OG0006077			EKQ70219
OG0006078			EKQ70224
OG0006079			EKQ70227
OG0006080			EKQ70229
OG0006081			EKQ70232
OG0006082			EKQ70238
OG0006083			EKQ70241
OG0006084			EKQ70245
OG0006085			EKQ70249
OG0006086			EKQ70251
OG0006087			EKQ70257
OG0006088			EKQ70258
OG0006089			EKQ70260
OG0006090			EKQ70261
OG0006091			EKQ70265
OG0006092			EKQ70266
OG0006093			EKQ70267
OG0006094			EKQ70268
OG0006095			EKQ70269
OG0006096			EKQ70270
OG0006097			EKQ70271
OG0006098			EKQ70272
OG0006099			EKQ70274
OG0006100			EKQ70275
OG0006101			EKQ70276
OG0006102			EKQ70277
OG0006103			EKQ70280
OG0006104			EKQ70282
OG0006105			EKQ70283
OG0006106			EKQ70284
OG0006107			EKQ70285
OG0006108			EKQ70286
OG0006109			EKQ70287
OG0006110			EKQ70288
OG0006111			EKQ70289
OG0006112			EKQ70290
OG0006113			EKQ70291
OG0006114			EKQ70292
OG0006115			EKQ70293
OG0006116			EKQ70297
OG0006117			EKQ70298
OG0006118			EKQ70299
OG0006119			EKQ70300
OG0006120			EKQ70301
OG0006121			EKQ70302
OG0006122			EKQ70303
OG0006123			EKQ70305
OG0006124			EKQ70307
OG0006125			EKQ70308
OG0006126			EKQ70311
OG0006127			EKQ70312
OG0006128			EKQ70313
OG0006129			EKQ70314
OG0006130			EKQ70315
OG0006131			EKQ70316
OG0006132			EKQ70317
OG0006133			EKQ70318
OG0006134			EKQ70320
OG0006135			EKQ70321
OG0006136			EKQ70322
OG0006137			EKQ70323
OG0006138			EKQ70324
OG0006139			EKQ70325
OG0006140			EKQ70328
OG0006141			EKQ70329
OG0006142			EKQ70330
OG0006143			EKQ70331
OG0006144			EKQ70332
OG0006145			EKQ70333
OG0006146			EKQ70334
OG0006147			EKQ70336
OG0006148			EKQ70337
OG0006149			EKQ70338
OG0006150			EKQ70339
OG0006151			EKQ70340
OG0006152			EKQ70341
OG0006153			EKQ70344
OG0006154			EKQ70345
OG0006155			EKQ70346
OG0006156			EKQ70347
OG0006157			EKQ70348
OG0006158			EKQ70349
OG0006159			EKQ70350
OG0006160			EKQ70351
OG0006161			EKQ70353
OG0006162			EKQ70354
OG0006163			EKQ70355
OG0006164			EKQ70356
OG0006165			EKQ70358
OG0006166			EKQ70361
OG0006167			EKQ70363
OG0006168			EKQ70364
OG0006169			EKQ70365
OG0006170			EKQ70366
OG0006171			EKQ70367
OG0006172			EKQ70368
OG0006173			EKQ70369
OG0006174			EKQ70370
OG0006175			EKQ70371
OG0006176			EKQ70372
OG0006177			EKQ70373
OG0006178			EKQ70374
OG0006179			EKQ70375
OG0006180			EKQ70376
OG0006181			EKQ70377
OG0006182			EKQ70378
OG0006183			EKQ70379
OG0006184			EKQ70380
OG0006185			EKQ70381
OG0006186			EKQ70382
OG0006187			EKQ70383
OG0006188			EKQ70384
OG0006189			EKQ70386
OG0006190			EKQ70387
OG0006191			EKQ70388
OG0006192			EKQ70389
OG0006193			EKQ70390
OG0006194			EKQ70391
OG0006195			EKQ70392
OG0006196			EKQ70393
OG0006197			EKQ70394
OG0006198			EKQ70395
OG0006199			EKQ70396
OG0006200			EKQ70397
OG0006201			EKQ70399
OG0006202			EKQ70400
OG0006203			EKQ70401
OG0006204			EKQ70402
OG0006205			EKQ70403
OG0006206			EKQ70404
OG0006207			EKQ70405
OG0006208			EKQ70406
OG0006209			EKQ70407
OG0006210			EKQ70408
OG0006211			EKQ70409
OG0006212			EKQ70410
OG0006213			EKQ70411
OG0006214			EKQ70412
OG0006215			EKQ70413
OG0006216			EKQ70414
OG0006217			EKQ70415
OG0006218			EKQ70416
OG0006219			EKQ70417
OG0006220			EKQ70419
OG0006221			EKQ70423
OG0006222			EKQ70424
OG0006223			EKQ70426
OG0006224			EKQ70428
OG0006225			EKQ70429
OG0006226			EKQ70430
OG0006227			EKQ70431
OG0006228			EKQ70432
OG0006229			EKQ70433
OG0006230			EKQ70434
OG0006231			EKQ70435
OG0006232			EKQ70436
OG0006233			EKQ70437
OG0006234			EKQ70438
OG0006235			EKQ70439
OG0006236			EKQ70440
OG0006237			EKQ70441
OG0006238			EKQ70442
OG0006239			EKQ70446
OG0006240			EKQ70447
OG0006241			EKQ70448
OG0006242			EKQ70449
OG0006243			EKQ70450
OG0006244			EKQ70451
OG0006245			EKQ70452
OG0006246			EKQ70453
OG0006247			EKQ70454
OG0006248			EKQ70455
OG0006249			EKQ70456
OG0006250			EKQ70457
OG0006251			EKQ70458
OG0006252			EKQ70459
OG0006253			EKQ70460
OG0006254			EKQ70461
OG0006255			EKQ70462
OG0006256			EKQ70463
OG0006257			EKQ70468
OG0006258			EKQ70470
OG0006259			EKQ70473
OG0006260			EKQ70474
OG0006261			EKQ70476
OG0006262			EKQ70478
OG0006263			EKQ70479
OG0006264			EKQ70480
OG0006265			EKQ70481
OG0006266			EKQ70482
OG0006267			EKQ70483
OG0006268			EKQ70484
OG0006269			EKQ70485
OG0006270			EKQ70497
OG0006271			EKQ70504
OG0006272			EKQ70513
OG0006273			EKQ70515
OG0006274			EKQ70518
OG0006275			EKQ70521
OG0006276			EKQ70523
OG0006277			EKQ70524
OG0006278			EKQ70525
OG0006279			EKQ70527
OG0006280			EKQ70532
OG0006281			EKQ70535
OG0006282			EKQ70538
OG0006283			EKQ70544
OG0006284			EKQ70555
OG0006285			EKQ70557
OG0006286			EKQ70559
OG0006287			EKQ70565
OG0006288			EKQ70580
OG0006289			EKQ70584
OG0006290			EKQ70586
OG0006291			EKQ70591
OG0006292			EKQ70595
OG0006293			EKQ70596
OG0006294			EKQ70600
OG0006295			EKQ70601
OG0006296			EKQ70609
OG0006297			EKQ70610
OG0006298			EKQ70611
OG0006299			EKQ70612
OG0006300			EKQ70613
OG0006301			EKQ70620
OG0006302			EKQ70621
OG0006303			EKQ70622
OG0006304			EKQ70624
OG0006305			EKQ70627
OG0006306			EKQ70630
OG0006307			EKQ70637
OG0006308			EKQ70640
OG0006309			EKQ70643
OG0006310			EKQ70649
OG0006311			EKQ70658
OG0006312			EKQ70666
OG0006313			EKQ70668
OG0006314			EKQ70673
OG0006315			EKQ70674
OG0006316			EKQ70675
OG0006317			EKQ70676
OG0006318			EKQ70684
OG0006319			EKQ70696
OG0006320			EKQ70697
OG0006321			EKQ70714
OG0006322			EKQ70719
OG0006323			EKQ70728
OG0006324			EKQ70730
OG0006325			EKQ70731
OG0006326			EKQ70737
OG0006327			EKQ70742
OG0006328			EKQ70743
OG0006329			EKQ70748
OG0006330			EKQ70753
OG0006331			EKQ70756
OG0006332			EKQ70761
OG0006333			EKQ70772
OG0006334			EKQ70777
OG0006335			EKQ70787
OG0006336			EKQ70803
OG0006337			EKQ70805
OG0006338			EKQ70809
OG0006339			EKQ70814
OG0006340			EKQ70817
OG0006341			EKQ70827
OG0006342			EKQ70832
OG0006343			EKQ70837
OG0006344			EKQ70839
OG0006345			EKQ70841
OG0006346			EKQ70844
OG0006347			EKQ70847
OG0006348			EKQ70848
OG0006349			EKQ70850
OG0006350			EKQ70851
OG0006351			EKQ70863
OG0006352			EKQ70864
OG0006353			EKQ70875
OG0006354			EKQ70879
OG0006355			EKQ70882
OG0006356			EKQ70887
OG0006357			EKQ70890
OG0006358			EKQ70891
OG0006359			EKQ70897
OG0006360			EKQ70903
OG0006361			EKQ70922
OG0006362			EKQ70923
OG0006363			EKQ70927
OG0006364			EKQ70930
OG0006365			EKQ70934
OG0006366			EKQ70949
OG0006367			EKQ70956
OG0006368			EKQ70958
OG0006369			EKQ70959
OG0006370			EKQ70973
OG0006371			EKQ70986
OG0006372			EKQ70999
OG0006373			EKQ71007
OG0006374			EKQ71009
OG0006375			EKQ71010
OG0006376			EKQ71011
OG0006377			EKQ71013
OG0006378			EKQ71015
OG0006379			EKQ71017
OG0006380			EKQ71020
OG0006381			EKQ71029
OG0006382			EKQ71033
OG0006383			EKQ71041
OG0006384			EKQ71042
OG0006385			EKQ71043
OG0006386			EKQ71045
OG0006387			EKQ71046
OG0006388			EKQ71051
OG0006389			EKQ71053
OG0006390			EKQ71082
OG0006391			EKQ71085
OG0006392			EKQ71086
OG0006393			EKQ71093
OG0006394			EKQ71095
OG0006395			EKQ71096
OG0006396			EKQ71097
OG0006397			EKQ71103
OG0006398			EKQ71105
OG0006399			EKQ71107
OG0006400			EKQ71110
OG0006401			EKQ71113
OG0006402			EKQ71114
OG0006403			EKQ71121
OG0006404			EKQ71125
OG0006405			EKQ71126
OG0006406			EKQ71137
OG0006407			EKQ71141
OG0006408			EKQ71144
OG0006409			EKQ71145
OG0006410			EKQ71151
OG0006411			EKQ71156
OG0006412			EKQ71157
OG0006413			EKQ71158
OG0006414			EKQ71160
OG0006415			EKQ71162
OG0006416			EKQ71165
OG0006417			EKQ71170
OG0006418			EKQ69928
OG0006419			EKQ69929
OG0006420			EKQ69930
OG0006421			EKQ69931
OG0006422			EKQ69932
OG0006423			EKQ69933
OG0006424			EKQ69935
OG0006425			EKQ69937
OG0006426			EKQ69939
OG0006427			EKQ69919
OG0006428			EKQ69920
OG0006429			EKQ69921
OG0006430			EKQ69922
OG0006431			EKQ69924
OG0006432			EKQ69925
OG0006433			EKQ69926
OG0006434			EKQ69909
OG0006435			EKQ69910
OG0006436			EKQ69911
OG0006437			EKQ69890
OG0006438			EKQ69891
OG0006439			EKQ69892
OG0006440			EKQ69895
OG0006441			EKQ69898
OG0006442			EKQ69905
OG0006443			EKQ68962
OG0006444			EKQ68984
OG0006445			EKQ68985
OG0006446			EKQ68986
OG0006447			EKQ68988
OG0006448			EKQ68990
OG0006449			EKQ68994
OG0006450			EKQ68996
OG0006451			EKQ68997
OG0006452			EKQ68998
OG0006453			EKQ69003
OG0006454			EKQ69004
OG0006455			EKQ69011
OG0006456			EKQ69022
OG0006457			EKQ69024
OG0006458			EKQ69025
OG0006459			EKQ69033
OG0006460			EKQ69035
OG0006461			EKQ69043
OG0006462			EKQ69053
OG0006463			EKQ69054
OG0006464			EKQ69065
OG0006465			EKQ69066
OG0006466			EKQ69067
OG0006467			EKQ69070
OG0006468			EKQ69071
OG0006469			EKQ69077
OG0006470			EKQ69079
OG0006471			EKQ69096
OG0006472			EKQ69097
OG0006473			EKQ69100
OG0006474			EKQ69109
OG0006475			EKQ69110
OG0006476			EKQ69114
OG0006477			EKQ69115
OG0006478			EKQ69118
OG0006479			EKQ69120
OG0006480			EKQ69122
OG0006481			EKQ69125
OG0006482			EKQ69126
OG0006483			EKQ69127
OG0006484			EKQ69130
OG0006485			EKQ69131
OG0006486			EKQ69132
OG0006487			EKQ69139
OG0006488			EKQ69152
OG0006489			EKQ69153
OG0006490			EKQ69155
OG0006491			EKQ69156
OG0006492			EKQ69161
OG0006493			EKQ69166
OG0006494			EKQ69172
OG0006495			EKQ69180
OG0006496			EKQ69182
OG0006497			EKQ69183
OG0006498			EKQ69184
OG0006499			EKQ69185
OG0006500			EKQ69189
OG0006501			EKQ69192
OG0006502			EKQ69196
OG0006503			EKQ69202
OG0006504			EKQ69203
OG0006505			EKQ69206
OG0006506			EKQ69211
OG0006507			EKQ69224
OG0006508			EKQ69229
OG0006509			EKQ69234
OG0006510			EKQ69243
OG0006511			EKQ69255
OG0006512			EKQ69280
OG0006513			EKQ69308
OG0006514			EKQ69309
OG0006515			EKQ69319
OG0006516			EKQ69322
OG0006517			EKQ69323
OG0006518			EKQ69324
OG0006519			EKQ69326
OG0006520			EKQ69329
OG0006521			EKQ69335
OG0006522			EKQ69336
OG0006523			EKQ69346
OG0006524			EKQ69357
OG0006525			EKQ69362
OG0006526			EKQ69367
OG0006527			EKQ69375
OG0006528			EKQ69376
OG0006529			EKQ69377
OG0006530			EKQ69379
OG0006531			EKQ69380
OG0006532			EKQ69387
OG0006533			EKQ69394
OG0006534			EKQ69396
OG0006535			EKQ69401
OG0006536			EKQ69402
OG0006537			EKQ69410
OG0006538			EKQ69411
OG0006539			EKQ69414
OG0006540			EKQ69418
OG0006541			EKQ69419
OG0006542			EKQ69433
OG0006543			EKQ69441
OG0006544			EKQ69455
OG0006545			EKQ69458
OG0006546			EKQ69461
OG0006547			EKQ69462
OG0006548			EKQ69463
OG0006549			EKQ69468
OG0006550			EKQ69477
OG0006551			EKQ69483
OG0006552			EKQ69484
OG0006553			EKQ69496
OG0006554			EKQ69501
OG0006555			EKQ69523
OG0006556			EKQ69524
OG0006557			EKQ69529
OG0006558			EKQ69530
OG0006559			EKQ69531
OG0006560			EKQ69532
OG0006561			EKQ69535
OG0006562			EKQ69536
OG0006563			EKQ69539
OG0006564			EKQ69544
OG0006565			EKQ69548
OG0006566			EKQ69557
OG0006567			EKQ69563
OG0006568			EKQ69564
OG0006569			EKQ69567
OG0006570			EKQ69574
OG0006571			EKQ69578
OG0006572			EKQ69579
OG0006573			EKQ69580
OG0006574			EKQ69592
OG0006575			EKQ69593
OG0006576			EKQ69594
OG0006577			EKQ69595
OG0006578			EKQ69605
OG0006579			EKQ69619
OG0006580			EKQ69627
OG0006581			EKQ69633
OG0006582			EKQ69651
OG0006583			EKQ69653
OG0006584			EKQ69660
OG0006585			EKQ69663
OG0006586			EKQ69664
OG0006587			EKQ69665
OG0006588			EKQ69667
OG0006589			EKQ69670
OG0006590			EKQ69677
OG0006591			EKQ69678
OG0006592			EKQ69683
OG0006593			EKQ69686
OG0006594			EKQ69690
OG0006595			EKQ69699
OG0006596			EKQ69709
OG0006597			EKQ69710
OG0006598			EKQ69711
OG0006599			EKQ69712
OG0006600			EKQ69715
OG0006601			EKQ69716
OG0006602			EKQ69725
OG0006603			EKQ69734
OG0006604			EKQ69745
OG0006605			EKQ69747
OG0006606			EKQ69753
OG0006607			EKQ69757
OG0006608			EKQ69758
OG0006609			EKQ69762
OG0006610			EKQ69767
OG0006611			EKQ69769
OG0006612			EKQ69772
OG0006613			EKQ69773
OG0006614			EKQ69774
OG0006615			EKQ69779
OG0006616			EKQ69782
OG0006617			EKQ69786
OG0006618			EKQ69789
OG0006619			EKQ69791
OG0006620			EKQ69793
OG0006621			EKQ69794
OG0006622			EKQ69796
OG0006623			EKQ69798
OG0006624			EKQ69817
OG0006625			EKQ69836
OG0006626			EKQ69855
OG0006627			EKQ69856
OG0006628			EKQ69877
OG0006629			EKQ69884
OG0006630			EKQ68043
OG0006631			EKQ68052
OG0006632			EKQ68058
OG0006633			EKQ68065
OG0006634			EKQ68067
OG0006635			EKQ68069
OG0006636			EKQ68074
OG0006637			EKQ68075
OG0006638			EKQ68077
OG0006639			EKQ68078
OG0006640			EKQ68085
OG0006641			EKQ68090
OG0006642			EKQ68103
OG0006643			EKQ68106
OG0006644			EKQ68107
OG0006645			EKQ68110
OG0006646			EKQ68113
OG0006647			EKQ68117
OG0006648			EKQ68119
OG0006649			EKQ68122
OG0006650			EKQ68132
OG0006651			EKQ68135
OG0006652			EKQ68145
OG0006653			EKQ68146
OG0006654			EKQ68147
OG0006655			EKQ68148
OG0006656			EKQ68162
OG0006657			EKQ68163
OG0006658			EKQ68171
OG0006659			EKQ68177
OG0006660			EKQ68178
OG0006661			EKQ68179
OG0006662			EKQ68192
OG0006663			EKQ68196
OG0006664			EKQ68198
OG0006665			EKQ68200
OG0006666			EKQ68201
OG0006667			EKQ68206
OG0006668			EKQ68211
OG0006669			EKQ68214
OG0006670			EKQ68219
OG0006671			EKQ68224
OG0006672			EKQ68231
OG0006673			EKQ68233
OG0006674			EKQ68237
OG0006675			EKQ68249
OG0006676			EKQ68250
OG0006677			EKQ68251
OG0006678			EKQ68254
OG0006679			EKQ68263
OG0006680			EKQ68264
OG0006681			EKQ68290
OG0006682			EKQ68292
OG0006683			EKQ68293
OG0006684			EKQ68294
OG0006685			EKQ68295
OG0006686			EKQ68298
OG0006687			EKQ68300
OG0006688			EKQ68301
OG0006689			EKQ68303
OG0006690			EKQ68309
OG0006691			EKQ68322
OG0006692			EKQ68324
OG0006693			EKQ68325
OG0006694			EKQ68326
OG0006695			EKQ68327
OG0006696			EKQ68333
OG0006697			EKQ68342
OG0006698			EKQ68344
OG0006699			EKQ68346
OG0006700			EKQ68347
OG0006701			EKQ68348
OG0006702			EKQ68350
OG0006703			EKQ68351
OG0006704			EKQ68355
OG0006705			EKQ68358
OG0006706			EKQ68366
OG0006707			EKQ68370
OG0006708			EKQ68371
OG0006709			EKQ68372
OG0006710			EKQ68373
OG0006711			EKQ68379
OG0006712			EKQ68380
OG0006713			EKQ68384
OG0006714			EKQ68391
OG0006715			EKQ68401
OG0006716			EKQ68409
OG0006717			EKQ68412
OG0006718			EKQ68414
OG0006719			EKQ68418
OG0006720			EKQ68419
OG0006721			EKQ68427
OG0006722			EKQ68439
OG0006723			EKQ68443
OG0006724			EKQ68446
OG0006725			EKQ68451
OG0006726			EKQ68453
OG0006727			EKQ68456
OG0006728			EKQ68457
OG0006729			EKQ68458
OG0006730			EKQ68467
OG0006731			EKQ68475
OG0006732			EKQ68477
OG0006733			EKQ68493
OG0006734			EKQ68502
OG0006735			EKQ68507
OG0006736			EKQ68511
OG0006737			EKQ68517
OG0006738			EKQ68521
OG0006739			EKQ68527
OG0006740			EKQ68533
OG0006741			EKQ68544
OG0006742			EKQ68545
OG0006743			EKQ68556
OG0006744			EKQ68560
OG0006745			EKQ68562
OG0006746			EKQ68564
OG0006747			EKQ68568
OG0006748			EKQ68573
OG0006749			EKQ68604
OG0006750			EKQ68605
OG0006751			EKQ68607
OG0006752			EKQ68621
OG0006753			EKQ68629
OG0006754			EKQ68637
OG0006755			EKQ68641
OG0006756			EKQ68645
OG0006757			EKQ68646
OG0006758			EKQ68647
OG0006759			EKQ68648
OG0006760			EKQ68649
OG0006761			EKQ68657
OG0006762			EKQ68672
OG0006763			EKQ68677
OG0006764			EKQ68678
OG0006765			EKQ68681
OG0006766			EKQ68685
OG0006767			EKQ68688
OG0006768			EKQ68691
OG0006769			EKQ68694
OG0006770			EKQ68698
OG0006771			EKQ68701
OG0006772			EKQ68709
OG0006773			EKQ68722
OG0006774			EKQ68726
OG0006775			EKQ68732
OG0006776			EKQ68735
OG0006777			EKQ68736
OG0006778			EKQ68738
OG0006779			EKQ68746
OG0006780			EKQ68752
OG0006781			EKQ68758
OG0006782			EKQ68759
OG0006783			EKQ68763
OG0006784			EKQ68768
OG0006785			EKQ68794
OG0006786			EKQ68819
OG0006787			EKQ68821
OG0006788			EKQ68825
OG0006789			EKQ68833
OG0006790			EKQ68847
OG0006791			EKQ68904
OG0006792			EKQ68905
OG0006793			EKQ68906
OG0006794			EKQ68907
OG0006795			EKQ68916
OG0006796			EKQ68922
OG0006797			EKQ68923
OG0006798			EKQ68928
OG0006799			EKQ68930
OG0006800			EKQ68932
OG0006801			EKQ68941
OG0006802			EKQ68944
OG0006803			EKQ68947
OG0006804			EKQ68948
OG0006805			EKQ68949
OG0006806			EKQ68950
OG0006807			EKQ68951
OG0006808			EKQ68952
OG0006809			EKQ68953
OG0006810			EKQ68955
OG0006811			EKQ68012
OG0006812			EKQ68013
OG0006813			EKQ68016
OG0006814			EKQ68017
OG0006815			EKQ68018
OG0006816			EKQ68019
OG0006817			EKQ68020
OG0006818			EKQ68021
OG0006819			EKQ68022
OG0006820			EKQ68024
OG0006821			EKQ67993
OG0006822			EKQ67995
OG0006823			EKQ68002
OG0006824			EKQ68004
OG0006825			EKQ68007
OG0006826			EKQ68008
OG0006827			EKQ67297
OG0006828			EKQ67301
OG0006829			EKQ67302
OG0006830			EKQ67303
OG0006831			EKQ67313
OG0006832			EKQ67314
OG0006833			EKQ67315
OG0006834			EKQ67316
OG0006835			EKQ67319
OG0006836			EKQ67321
OG0006837			EKQ67322
OG0006838			EKQ67323
OG0006839			EKQ67324
OG0006840			EKQ67325
OG0006841			EKQ67326
OG0006842			EKQ67327
OG0006843			EKQ67328
OG0006844			EKQ67333
OG0006845			EKQ67335
OG0006846			EKQ67341
OG0006847			EKQ67342
OG0006848			EKQ67347
OG0006849			EKQ67350
OG0006850			EKQ67351
OG0006851			EKQ67352
OG0006852			EKQ67355
OG0006853			EKQ67356
OG0006854			EKQ67357
OG0006855			EKQ67358
OG0006856			EKQ67360
OG0006857			EKQ67363
OG0006858			EKQ67369
OG0006859			EKQ67370
OG0006860			EKQ67371
OG0006861			EKQ67372
OG0006862			EKQ67373
OG0006863			EKQ67376
OG0006864			EKQ67379
OG0006865			EKQ67381
OG0006866			EKQ67382
OG0006867			EKQ67384
OG0006868			EKQ67387
OG0006869			EKQ67397
OG0006870			EKQ67406
OG0006871			EKQ67409
OG0006872			EKQ67412
OG0006873			EKQ67415
OG0006874			EKQ67416
OG0006875			EKQ67421
OG0006876			EKQ67434
OG0006877			EKQ67461
OG0006878			EKQ67468
OG0006879			EKQ67469
OG0006880			EKQ67470
OG0006881			EKQ67472
OG0006882			EKQ67476
OG0006883			EKQ67480
OG0006884			EKQ67483
OG0006885			EKQ67486
OG0006886			EKQ67492
OG0006887			EKQ67501
OG0006888			EKQ67508
OG0006889			EKQ67510
OG0006890			EKQ67515
OG0006891			EKQ67538
OG0006892			EKQ67539
OG0006893			EKQ67543
OG0006894			EKQ67545
OG0006895			EKQ67546
OG0006896			EKQ67547
OG0006897			EKQ67548
OG0006898			EKQ67556
OG0006899			EKQ67558
OG0006900			EKQ67559
OG0006901			EKQ67564
OG0006902			EKQ67570
OG0006903			EKQ67571
OG0006904			EKQ67574
OG0006905			EKQ67583
OG0006906			EKQ67584
OG0006907			EKQ67588
OG0006908			EKQ67591
OG0006909			EKQ67594
OG0006910			EKQ67595
OG0006911			EKQ67604
OG0006912			EKQ67607
OG0006913			EKQ67614
OG0006914			EKQ67616
OG0006915			EKQ67617
OG0006916			EKQ67618
OG0006917			EKQ67619
OG0006918			EKQ67622
OG0006919			EKQ67635
OG0006920			EKQ67641
OG0006921			EKQ67645
OG0006922			EKQ67648
OG0006923			EKQ67653
OG0006924			EKQ67654
OG0006925			EKQ67656
OG0006926			EKQ67658
OG0006927			EKQ67659
OG0006928			EKQ67660
OG0006929			EKQ67661
OG0006930			EKQ67666
OG0006931			EKQ67667
OG0006932			EKQ67669
OG0006933			EKQ67671
OG0006934			EKQ67678
OG0006935			EKQ67679
OG0006936			EKQ67681
OG0006937			EKQ67684
OG0006938			EKQ67686
OG0006939			EKQ67691
OG0006940			EKQ67693
OG0006941			EKQ67697
OG0006942			EKQ67702
OG0006943			EKQ67705
OG0006944			EKQ67720
OG0006945			EKQ67725
OG0006946			EKQ67728
OG0006947			EKQ67729
OG0006948			EKQ67731
OG0006949			EKQ67732
OG0006950			EKQ67733
OG0006951			EKQ67734
OG0006952			EKQ67737
OG0006953			EKQ67738
OG0006954			EKQ67746
OG0006955			EKQ67747
OG0006956			EKQ67748
OG0006957			EKQ67749
OG0006958			EKQ67752
OG0006959			EKQ67753
OG0006960			EKQ67754
OG0006961			EKQ67755
OG0006962			EKQ67758
OG0006963			EKQ67772
OG0006964			EKQ67780
OG0006965			EKQ67783
OG0006966			EKQ67789
OG0006967			EKQ67790
OG0006968			EKQ67794
OG0006969			EKQ67798
OG0006970			EKQ67800
OG0006971			EKQ67811
OG0006972			EKQ67812
OG0006973			EKQ67815
OG0006974			EKQ67818
OG0006975			EKQ67822
OG0006976			EKQ67837
OG0006977			EKQ67838
OG0006978			EKQ67843
OG0006979			EKQ67845
OG0006980			EKQ67846
OG0006981			EKQ67850
OG0006982			EKQ67855
OG0006983			EKQ67857
OG0006984			EKQ67861
OG0006985			EKQ67862
OG0006986			EKQ67863
OG0006987			EKQ67864
OG0006988			EKQ67866
OG0006989			EKQ67871
OG0006990			EKQ67874
OG0006991			EKQ67876
OG0006992			EKQ67877
OG0006993			EKQ67878
OG0006994			EKQ67882
OG0006995			EKQ67888
OG0006996			EKQ67893
OG0006997			EKQ67898
OG0006998			EKQ67899
OG0006999			EKQ67906
OG0007000			EKQ67910
OG0007001			EKQ67922
OG0007002			EKQ67923
OG0007003			EKQ67931
OG0007004			EKQ67938
OG0007005			EKQ67939
OG0007006			EKQ67943
OG0007007			EKQ67944
OG0007008			EKQ67945
OG0007009			EKQ67951
OG0007010			EKQ67958
OG0007011			EKQ67960
OG0007012			EKQ67971
OG0007013			EKQ67973
OG0007014			EKQ67974
OG0007015			EKQ67980
OG0007016			EKQ67984
OG0007017			EKQ67985
OG0007018			EKQ67987
OG0007019			EKQ67988
OG0007020			EKQ67991
OG0007021			EKQ67295
OG0007022			EKQ67239
OG0007023			EKQ67247
OG0007024			EKQ67249
OG0007025			EKQ67250
OG0007026			EKQ67252
OG0007027			EKQ67253
OG0007028			EKQ67254
OG0007029			EKQ67259
OG0007030			EKQ67261
OG0007031			EKQ67282
OG0007032			EKQ67283
OG0007033			EKQ67287
OG0007034			EKQ67215
OG0007035			EKQ67216
OG0007036			EKQ67219
OG0007037			EKQ67220
OG0007038			EKQ67223
OG0007039			EKQ66595
OG0007040			EKQ66600
OG0007041			EKQ66613
OG0007042			EKQ66615
OG0007043			EKQ66616
OG0007044			EKQ66618
OG0007045			EKQ66628
OG0007046			EKQ66635
OG0007047			EKQ66640
OG0007048			EKQ66645
OG0007049			EKQ66660
OG0007050			EKQ66661
OG0007051			EKQ66664
OG0007052			EKQ66680
OG0007053			EKQ66681
OG0007054			EKQ66683
OG0007055			EKQ66684
OG0007056			EKQ66687
OG0007057			EKQ66689
OG0007058			EKQ66690
OG0007059			EKQ66691
OG0007060			EKQ66692
OG0007061			EKQ66696
OG0007062			EKQ66700
OG0007063			EKQ66704
OG0007064			EKQ66711
OG0007065			EKQ66712
OG0007066			EKQ66718
OG0007067			EKQ66719
OG0007068			EKQ66728
OG0007069			EKQ66729
OG0007070			EKQ66739
OG0007071			EKQ66741
OG0007072			EKQ66746
OG0007073			EKQ66748
OG0007074			EKQ66750
OG0007075			EKQ66763
OG0007076			EKQ66764
OG0007077			EKQ66765
OG0007078			EKQ66779
OG0007079			EKQ66781
OG0007080			EKQ66784
OG0007081			EKQ66787
OG0007082			EKQ66789
OG0007083			EKQ66790
OG0007084			EKQ66796
OG0007085			EKQ66801
OG0007086			EKQ66802
OG0007087			EKQ66804
OG0007088			EKQ66823
OG0007089			EKQ66824
OG0007090			EKQ66825
OG0007091			EKQ66828
OG0007092			EKQ66832
OG0007093			EKQ66833
OG0007094			EKQ66834
OG0007095			EKQ66837
OG0007096			EKQ66838
OG0007097			EKQ66840
OG0007098			EKQ66842
OG0007099			EKQ66843
OG0007100			EKQ66845
OG0007101			EKQ66846
OG0007102			EKQ66847
OG0007103			EKQ66848
OG0007104			EKQ66849
OG0007105			EKQ66850
OG0007106			EKQ66851
OG0007107			EKQ66856
OG0007108			EKQ66857
OG0007109			EKQ66858
OG0007110			EKQ66859
OG0007111			EKQ66860
OG0007112			EKQ66862
OG0007113			EKQ66869
OG0007114			EKQ66883
OG0007115			EKQ66890
OG0007116			EKQ66892
OG0007117			EKQ66894
OG0007118			EKQ66896
OG0007119			EKQ66897
OG0007120			EKQ66898
OG0007121			EKQ66901
OG0007122			EKQ66904
OG0007123			EKQ66905
OG0007124			EKQ66906
OG0007125			EKQ66912
OG0007126			EKQ66914
OG0007127			EKQ66917
OG0007128			EKQ66920
OG0007129			EKQ66921
OG0007130			EKQ66924
OG0007131			EKQ66925
OG0007132			EKQ66926
OG0007133			EKQ66927
OG0007134			EKQ66929
OG0007135			EKQ66934
OG0007136			EKQ66939
OG0007137			EKQ66943
OG0007138			EKQ66947
OG0007139			EKQ66951
OG0007140			EKQ66955
OG0007141			EKQ66956
OG0007142			EKQ66957
OG0007143			EKQ66959
OG0007144			EKQ66960
OG0007145			EKQ66967
OG0007146			EKQ66972
OG0007147			EKQ66973
OG0007148			EKQ66986
OG0007149			EKQ66989
OG0007150			EKQ66990
OG0007151			EKQ66994
OG0007152			EKQ66995
OG0007153			EKQ66999
OG0007154			EKQ67002
OG0007155			EKQ67003
OG0007156			EKQ67005
OG0007157			EKQ67007
OG0007158			EKQ67008
OG0007159			EKQ67009
OG0007160			EKQ67010
OG0007161			EKQ67015
OG0007162			EKQ67016
OG0007163			EKQ67017
OG0007164			EKQ67023
OG0007165			EKQ67029
OG0007166			EKQ67031
OG0007167			EKQ67040
OG0007168			EKQ67047
OG0007169			EKQ67056
OG0007170			EKQ67069
OG0007171			EKQ67071
OG0007172			EKQ67072
OG0007173			EKQ67073
OG0007174			EKQ67074
OG0007175			EKQ67075
OG0007176			EKQ67079
OG0007177			EKQ67089
OG0007178			EKQ67095
OG0007179			EKQ67096
OG0007180			EKQ67097
OG0007181			EKQ67098
OG0007182			EKQ67102
OG0007183			EKQ67109
OG0007184			EKQ67112
OG0007185			EKQ67116
OG0007186			EKQ67118
OG0007187			EKQ67123
OG0007188			EKQ67128
OG0007189			EKQ67133
OG0007190			EKQ67135
OG0007191			EKQ67137
OG0007192			EKQ67143
OG0007193			EKQ67153
OG0007194			EKQ67157
OG0007195			EKQ67168
OG0007196			EKQ67171
OG0007197			EKQ67177
OG0007198			EKQ67178
OG0007199			EKQ67187
OG0007200			EKQ67191
OG0007201			EKQ67196
OG0007202			EKQ67199
OG0007203			EKQ67205
OG0007204			EKQ67211
OG0007205			EKQ66569
OG0007206			EKQ66570
OG0007207			EKQ66572
OG0007208			EKQ66576
OG0007209			EKQ66577
OG0007210			EKQ66583
OG0007211			EKQ66585
OG0007212			EKQ66586
OG0007213			EKQ66588
OG0007214			EKQ66592
OG0007215			EKQ66593
OG0007216			EKQ66594
